/*
Navicat MySQL Data Transfer

Source Server         : T
Source Server Version : 50628
Source Host           : 127.0.0.1:3306
Source Database       : t4-cloud

Target Server Type    : MYSQL
Target Server Version : 50628
File Encoding         : 65001

Date: 2020-02-14 14:03:58
*/

-- 创建mysql库
create database `t4-cloud` default character set utf8mb4 collate utf8mb4_general_ci;

use `t4-cloud`;

SET FOREIGN_KEY_CHECKS=0;

-- ----------------------------
-- Table structure for sys_dict
-- ----------------------------
DROP TABLE IF EXISTS `sys_dict`;
CREATE TABLE `sys_dict` (
  `id` varchar(32) CHARACTER SET utf8 NOT NULL,
  `name` varchar(100) CHARACTER SET utf8 DEFAULT NULL COMMENT '字典名称',
  `code` varchar(100) CHARACTER SET utf8 DEFAULT NULL COMMENT '字典编码',
  `description` varchar(255) CHARACTER SET utf8 DEFAULT NULL COMMENT '描述',
  `type` tinyint(2) unsigned zerofill DEFAULT '00' COMMENT '字典类型0为string,1为number',
  `status` tinyint(2) DEFAULT NULL COMMENT '删除状态',
  `create_by` varchar(32) CHARACTER SET utf8 DEFAULT NULL COMMENT '创建人',
  `create_time` datetime DEFAULT NULL COMMENT '创建时间',
  `update_by` varchar(32) CHARACTER SET utf8 DEFAULT NULL COMMENT '更新人',
  `update_time` datetime DEFAULT NULL COMMENT '更新时间',
  PRIMARY KEY (`id`) USING BTREE,
  UNIQUE KEY `indextable_dict_code` (`code`) USING BTREE
) ENGINE=InnoDB DEFAULT CHARSET=utf8mb4 ROW_FORMAT=DYNAMIC COMMENT='字典';

-- ----------------------------
-- Records of sys_dict
-- ----------------------------
INSERT INTO `sys_dict` VALUES ('1', '通用状态', 'common_status', '描述数据状态（0：失效，1：生效）', '01', '1', 'TeaR', '2019-02-09 13:17:15', null, null);

-- ----------------------------
-- Table structure for sys_dict_value
-- ----------------------------
DROP TABLE IF EXISTS `sys_dict_value`;
CREATE TABLE `sys_dict_value` (
  `id` varchar(32) CHARACTER SET utf8 NOT NULL,
  `dict_id` varchar(32) CHARACTER SET utf8 DEFAULT NULL COMMENT '字典id',
  `text` varchar(100) CHARACTER SET utf8 DEFAULT NULL COMMENT '字典项文本',
  `value` varchar(100) CHARACTER SET utf8 DEFAULT NULL COMMENT '字典项值',
  `description` varchar(255) CHARACTER SET utf8 DEFAULT NULL COMMENT '描述',
  `position` int(10) DEFAULT NULL COMMENT '排序',
  `status` tinyint(2) DEFAULT NULL COMMENT '状态（1启用 0不启用）',
  `create_by` varchar(32) CHARACTER SET utf8 DEFAULT NULL,
  `create_time` datetime DEFAULT NULL,
  `update_by` varchar(32) CHARACTER SET utf8 DEFAULT NULL,
  `update_time` datetime DEFAULT NULL,
  PRIMARY KEY (`id`) USING BTREE,
  KEY `index_table_dict_id` (`dict_id`) USING BTREE,
  KEY `index_table_sort_order` (`position`) USING BTREE,
  KEY `index_table_dict_status` (`status`) USING BTREE
) ENGINE=InnoDB DEFAULT CHARSET=utf8mb4 ROW_FORMAT=DYNAMIC COMMENT='字典详细值';

-- ----------------------------
-- Records of sys_dict_value
-- ----------------------------
INSERT INTO `sys_dict_value` VALUES ('1', '1', '正常', '1', null, '1', '1', 'TeaR', '2019-02-09 13:18:47', null, null);
INSERT INTO `sys_dict_value` VALUES ('2', '1', '失效', '0', '', '2', '1', 'TeaR', '2019-02-09 13:18:47', '', null);

-- ----------------------------
-- Table structure for sys_log
-- ----------------------------
DROP TABLE IF EXISTS `sys_log`;
CREATE TABLE `sys_log` (
  `id` varchar(32) CHARACTER SET utf8 NOT NULL,
  `log_type` tinyint(2) DEFAULT NULL COMMENT '日志类型（1-管理员操作，2-登录日志，3-用户操作，4-定时任务，5-其他日志）',
  `log_content` varchar(100) CHARACTER SET utf8 DEFAULT NULL COMMENT '日志内容',
  `operate_type` tinyint(2) DEFAULT NULL COMMENT '操作类型(1-增，2-删，3-改，4-查)',
  `result` text CHARACTER SET utf8 COMMENT '操作结果记录',
  `result_type` tinyint(2) DEFAULT NULL COMMENT '是否异常（0-异常，1-正常）',
  `user_id` varchar(32) CHARACTER SET utf8 DEFAULT NULL COMMENT '操作用户账号',
  `username` varchar(100) CHARACTER SET utf8 DEFAULT NULL COMMENT '操作用户名称',
  `ip` varchar(100) CHARACTER SET utf8 DEFAULT NULL COMMENT 'IP',
  `method` varchar(500) CHARACTER SET utf8 DEFAULT NULL COMMENT '请求java方法',
  `request_url` varchar(255) CHARACTER SET utf8 DEFAULT NULL COMMENT '请求路径',
  `request_param` longtext CHARACTER SET utf8 COMMENT '请求参数',
  `request_type` varchar(10) CHARACTER SET utf8 DEFAULT NULL COMMENT '请求类型',
  `cost_time` bigint(20) DEFAULT NULL COMMENT '耗时',
  `create_by` varchar(32) CHARACTER SET utf8 DEFAULT NULL COMMENT '创建人',
  `create_time` datetime DEFAULT NULL COMMENT '创建时间',
  `update_by` varchar(32) CHARACTER SET utf8 DEFAULT NULL COMMENT '更新人',
  `update_time` datetime DEFAULT NULL COMMENT '更新时间',
  PRIMARY KEY (`id`) USING BTREE,
  KEY `index_table_user_id` (`user_id`) USING BTREE,
  KEY `index_logt_ype` (`log_type`) USING BTREE,
  KEY `index_operate_type` (`operate_type`) USING BTREE,
  KEY `index_log_type` (`log_type`) USING BTREE
) ENGINE=InnoDB DEFAULT CHARSET=utf8mb4 ROW_FORMAT=DYNAMIC COMMENT='系统日志表';

-- ----------------------------
-- Records of sys_log
-- ----------------------------
INSERT INTO `sys_log` VALUES ('00dbf6b2509b5025397c6cbe650a430f', '2', '图片验证码获取', '4', '{\"result\":{\"code\":\"Mekb\",\"key\":\"bee7d8c346ac51249da243a8398d7179\"},\"code\":200,\"success\":true,\"message\":\"验证码获取成功\",\"timestamp\":1581650093803}', '1', null, null, '101.229.199.185', 'com.t4cloud.t.user.controller.LoginController.getCheckCode()', 'http://127.0.0.1:18080//user/login/checkCode', '[]', 'GET', '6', null, '2020-02-14 11:14:54', null, null);
INSERT INTO `sys_log` VALUES ('0339418f270cb9c6c0fc3b87d6fab57f', '2', '图片验证码获取', '4', '{\"result\":{\"code\":\"XNZy\",\"key\":\"8573bd169e40614dd698a31dde072a87\"},\"code\":200,\"success\":true,\"message\":\"验证码获取成功\",\"timestamp\":1581608763224}', '1', null, null, '112.23.33.125', 'com.t4cloud.t.user.controller.LoginController.getCheckCode()', 'http://139.224.227.28:18080/user/login/checkCode', '[]', 'GET', '6', null, '2020-02-13 23:46:03', null, null);
INSERT INTO `sys_log` VALUES ('083540ddc8bbae991b006efe2b96cc73', '2', '图片验证码获取', '4', '{\"result\":{\"code\":\"YMyP\",\"key\":\"ffbb47f08b497f5ae4917c7f549d2b08\"},\"code\":200,\"success\":true,\"message\":\"验证码获取成功\",\"timestamp\":1581583396006}', '1', null, null, '101.229.199.185', 'com.t4cloud.t.user.controller.LoginController.getCheckCode()', 'http://127.0.0.1:18080/t4cloud-user/user/login/checkCode', '[]', 'GET', '3', null, '2020-02-13 02:43:16', null, null);
INSERT INTO `sys_log` VALUES ('0b0205b14ece407d866e6a09ff9d3be0', '2', '图片验证码获取', '4', '{\"result\":{\"code\":\"YNWt\",\"key\":\"fd7743d1308e4654c5c4efc1a5a297a9\"},\"code\":200,\"success\":true,\"message\":\"验证码获取成功\",\"timestamp\":1581608453067}', '1', null, null, '192.168.0.113', 'com.t4cloud.t.user.controller.LoginController.getCheckCode()', 'http://192.168.0.113:18080/user/login/checkCode', '[]', 'GET', '11', null, '2020-02-13 23:40:53', null, null);
INSERT INTO `sys_log` VALUES ('0b86df4b65e2938a0fc148aee0cdfa8d', '2', '图片验证码获取', '4', '{\"result\":{\"code\":\"NV6X\",\"key\":\"9b98cc04737e6b931494ff26de2e7da6\"},\"code\":200,\"success\":true,\"message\":\"验证码获取成功\",\"timestamp\":1581605831848}', '1', null, null, '112.23.33.125', 'com.t4cloud.t.user.controller.LoginController.getCheckCode()', 'http://127.0.0.1:18080/t4cloud-user/user/login/checkCode', '[]', 'GET', '5', null, '2020-02-13 08:57:12', null, null);
INSERT INTO `sys_log` VALUES ('0bc0f0d11caf9821048a022809311c32', '2', '图片验证码获取', '4', '{\"result\":{\"code\":\"Yfpf\",\"key\":\"8c38159af38b6697fd83325c00face68\"},\"code\":200,\"success\":true,\"message\":\"验证码获取成功\",\"timestamp\":1581606210204}', '1', null, null, '112.23.33.125', 'com.t4cloud.t.user.controller.LoginController.getCheckCode()', 'http://127.0.0.1:18080/t4cloud-user/user/login/checkCode', '[]', 'GET', '5', null, '2020-02-13 09:03:30', null, null);
INSERT INTO `sys_log` VALUES ('0bc1d229610444b218697dc04ae765c8', '2', '图片验证码获取', '4', '{\"result\":{\"code\":\"S2Uw\",\"key\":\"da33b19b8c8016954ddf7c8649734585\"},\"code\":200,\"success\":true,\"message\":\"验证码获取成功\",\"timestamp\":1581605070453}', '1', null, null, '112.23.33.125', 'com.t4cloud.t.user.controller.LoginController.getCheckCode()', 'http://127.0.0.1:18080/t4cloud-user/user/login/checkCode', '[]', 'GET', '5', null, '2020-02-13 08:44:30', null, null);
INSERT INTO `sys_log` VALUES ('0c6a920bf0da988b405e22d943cf7212', '2', '图片验证码获取', '4', '{\"result\":{\"code\":\"ErSR\",\"key\":\"c574ae47a38f8b141939783edaca96fd\"},\"code\":200,\"success\":true,\"message\":\"验证码获取成功\",\"timestamp\":1581581919901}', '1', null, null, '192.168.0.113', 'com.t4cloud.t.user.controller.LoginController.getCheckCode()', 'http://192.168.0.113:18080/t4cloud-user/user/login/checkCode', '[]', 'GET', '15', null, '2020-02-13 16:18:40', null, null);
INSERT INTO `sys_log` VALUES ('0d35b5f5c7ea8c204479faf635055bf6', '2', '退出登录', '2', '{\"code\":200,\"success\":true,\"message\":\"退出登录成功！\",\"timestamp\":1581608162286}', '1', null, null, '101.229.199.185', 'com.t4cloud.t.user.controller.LoginController.logout()', 'http://139.224.227.28:18080/user/login/logout', '[]', 'DELETE', '68', null, '2020-02-13 23:36:02', null, null);
INSERT INTO `sys_log` VALUES ('0db1fda645e6a5cbaebf72d3add83d24', '2', '账号密码登录', '4', '{\"result\":{\"address\":\"\",\"gender\":1,\"idCard\":\"\",\"avatar\":\"\",\"realname\":\"管理员\",\"token\":\"eyJ0eXAiOiJKV1QiLCJhbGciOiJIUzI1NiJ9.eyJleHAiOjE1ODE2MDg3MzYsInVzZXJuYW1lIjoiYWRtaW4ifQ.rwCUH8eLSD5xO2lcWmbB81-uy__B_dsIEkjBUDQq_tU\",\"workNo\":\"002\",\"createBy\":\"TeaR\",\"post\":\"\",\"phone\":\"\",\"createTime\":1493778408000,\"updateBy\":\"\",\"email\":\"\",\"username\":\"admin\",\"status\":1},\"code\":200,\"success\":true,\"message\":\"登录成功\",\"timestamp\":1581606936411}', '1', null, null, '112.23.33.125', 'com.t4cloud.t.user.controller.LoginController.loginByPwd()', 'http://127.0.0.1:18080/t4cloud-user/user/login/loginByPwd', '[{\"codeKey\":\"2b251b6c74a83060fe39f2352d49dc07\",\"password\":\"123456\",\"code\":\"vcpg\",\"username\":\"admin\"}]', 'POST', '89', null, '2020-02-13 09:15:36', null, null);
INSERT INTO `sys_log` VALUES ('0e4f2b13360c0d9447e37265a33bb254', '2', '账号密码登录', '4', '{\"result\":{\"address\":\"\",\"gender\":1,\"idCard\":\"\",\"avatar\":\"\",\"realname\":\"管理员\",\"token\":\"eyJ0eXAiOiJKV1QiLCJhbGciOiJIUzI1NiJ9.eyJleHAiOjE1ODE2MTA4ODQsInVzZXJuYW1lIjoiYWRtaW4ifQ.Pfe_VwbBChtR-Eemok1PZ-PKdchGXHJ7YxQCgqSYaMo\",\"workNo\":\"002\",\"createBy\":\"TeaR\",\"post\":\"\",\"phone\":\"\",\"createTime\":1493731608000,\"updateBy\":\"\",\"email\":\"\",\"username\":\"admin\",\"status\":1},\"code\":200,\"success\":true,\"message\":\"登录成功\",\"timestamp\":1581609084193}', '1', null, null, '112.23.33.125', 'com.t4cloud.t.user.controller.LoginController.loginByPwd()', 'http://139.224.227.28:18080/user/login/loginByPwd', '[{\"codeKey\":\"64abba72b6a5aa87aba966d90eff6c80\",\"password\":\"123456\",\"code\":\"ttzb\",\"username\":\"admin\"}]', 'POST', '97', null, '2020-02-13 23:51:24', null, null);
INSERT INTO `sys_log` VALUES ('104f797b2e2ac1eba9d6b01da9e659b4', '2', '图片验证码获取', '4', '{\"result\":{\"code\":\"gyJ2\",\"key\":\"342a79e1a0ca4cc4aba51db7b9e873c3\"},\"code\":200,\"success\":true,\"message\":\"验证码获取成功\",\"timestamp\":1581605392947}', '1', null, null, '112.23.33.125', 'com.t4cloud.t.user.controller.LoginController.getCheckCode()', 'http://127.0.0.1:18080/t4cloud-user/user/login/checkCode', '[]', 'GET', '6', null, '2020-02-13 08:49:53', null, null);
INSERT INTO `sys_log` VALUES ('1191d0028d96d14b4295328b08db8363', '2', '图片验证码获取', '4', '{\"result\":{\"code\":\"ttzB\",\"key\":\"64abba72b6a5aa87aba966d90eff6c80\"},\"code\":200,\"success\":true,\"message\":\"验证码获取成功\",\"timestamp\":1581609077374}', '1', null, null, '112.23.33.125', 'com.t4cloud.t.user.controller.LoginController.getCheckCode()', 'http://139.224.227.28:18080/user/login/checkCode', '[]', 'GET', '6', null, '2020-02-13 23:51:17', null, null);
INSERT INTO `sys_log` VALUES ('11b9d3ff124d5cb3136e5055fbaf3cc1', '2', '图片验证码获取', '4', '{\"result\":{\"code\":\"wKMH\",\"key\":\"8653e72e08f1d28974f6f9c06a2f4982\"},\"code\":200,\"success\":true,\"message\":\"验证码获取成功\",\"timestamp\":1581604571816}', '1', null, null, '101.229.199.185', 'com.t4cloud.t.user.controller.LoginController.getCheckCode()', 'http://127.0.0.1:18080/t4cloud-user/user/login/checkCode', '[]', 'GET', '6', null, '2020-02-13 08:36:12', null, null);
INSERT INTO `sys_log` VALUES ('122e97a24d0b02d2734306b357b66ed0', '2', '图片验证码获取', '4', '{\"result\":{\"code\":\"QmVl\",\"key\":\"4b4d29629376f02cfdce419e5c2156ff\"},\"code\":200,\"success\":true,\"message\":\"验证码获取成功\",\"timestamp\":1581584168414}', '1', null, null, '112.23.33.125', 'com.t4cloud.t.user.controller.LoginController.getCheckCode()', 'http://127.0.0.1:18080/t4cloud-user/user/login/checkCode', '[]', 'GET', '5', null, '2020-02-13 02:56:08', null, null);
INSERT INTO `sys_log` VALUES ('127e0c3f6edba30fe42b5f9d69f7d970', '2', '图片验证码获取', '4', '{\"result\":{\"code\":\"PhCd\",\"key\":\"0d31a30d1db2bf9e3bfad69c48759e80\"},\"code\":200,\"success\":true,\"message\":\"验证码获取成功\",\"timestamp\":1581584803544}', '1', null, null, '112.23.33.125', 'com.t4cloud.t.user.controller.LoginController.getCheckCode()', 'http://127.0.0.1:18080/t4cloud-user/user/login/checkCode', '[]', 'GET', '7', null, '2020-02-13 03:06:44', null, null);
INSERT INTO `sys_log` VALUES ('1452f20ceb9f1577a29b4d25ed25aa1f', '2', '图片验证码获取', '4', '{\"result\":{\"code\":\"Ahpe\",\"key\":\"9591365b1ec905ec82b24d55c6a74385\"},\"code\":200,\"success\":true,\"message\":\"验证码获取成功\",\"timestamp\":1581601507362}', '1', null, null, '192.168.0.113', 'com.t4cloud.t.user.controller.LoginController.getCheckCode()', 'http://192.168.0.113:18080/user/login/checkCode', '[]', 'GET', '9', null, '2020-02-13 21:45:07', null, null);
INSERT INTO `sys_log` VALUES ('148a933ff79c3c5c57e47b36503a75c4', '2', '图片验证码获取', '4', '{\"result\":{\"code\":\"bA1L\",\"key\":\"d31b3bb69a1331644361e9eb29ffb040\"},\"code\":200,\"success\":true,\"message\":\"验证码获取成功\",\"timestamp\":1581604802645}', '1', null, null, '112.23.33.125', 'com.t4cloud.t.user.controller.LoginController.getCheckCode()', 'http://127.0.0.1:18080/t4cloud-user/user/login/checkCode', '[]', 'GET', '5', null, '2020-02-13 08:40:03', null, null);
INSERT INTO `sys_log` VALUES ('16d98659aded17da3a51f22103243174', '2', '账号密码登录', '4', '{\"result\":{\"address\":\"\",\"gender\":1,\"idCard\":\"\",\"avatar\":\"\",\"realname\":\"管理员\",\"token\":\"eyJ0eXAiOiJKV1QiLCJhbGciOiJIUzI1NiJ9.eyJleHAiOjE1ODE1ODUyNzEsInVzZXJuYW1lIjoiYWRtaW4ifQ.Df44nOGGbU8i5tIJu_cOXtaoNFzoRqHDWkKqlmXeSSM\",\"workNo\":\"002\",\"createBy\":\"TeaR\",\"post\":\"\",\"phone\":\"\",\"createTime\":1493778408000,\"updateBy\":\"\",\"email\":\"\",\"username\":\"admin\",\"status\":1},\"code\":200,\"success\":true,\"message\":\"登录成功\",\"timestamp\":1581583471402}', '1', null, null, '101.229.199.185', 'com.t4cloud.t.user.controller.LoginController.loginByPwd()', 'http://127.0.0.1:18080/t4cloud-user/user/login/loginByPwd', '[{\"codeKey\":\"1764678aff6bf25221229f5ab255be62\",\"password\":\"123456\",\"code\":\"2wj5\",\"username\":\"admin\"}]', 'POST', '87', null, '2020-02-13 02:44:31', null, null);
INSERT INTO `sys_log` VALUES ('1852f7ff1f8b8923466934b8a8a2db12', '2', '图片验证码获取', '4', '{\"result\":{\"code\":\"61Pn\",\"key\":\"f961711c8c41d8927acaf8a87f21e2f6\"},\"code\":200,\"success\":true,\"message\":\"验证码获取成功\",\"timestamp\":1581604776943}', '1', null, null, '192.168.0.113', 'com.t4cloud.t.user.controller.LoginController.getCheckCode()', 'http://192.168.0.113:18080/user/login/checkCode', '[]', 'GET', '11', null, '2020-02-13 22:39:37', null, null);
INSERT INTO `sys_log` VALUES ('1a04af0708a94d9a895c60335b895e38', '2', '图片验证码获取', '4', '{\"result\":{\"code\":\"wPx6\",\"key\":\"eedd69bcd848217d2abf3db27a43306b\"},\"code\":200,\"success\":true,\"message\":\"验证码获取成功\",\"timestamp\":1581610225733}', '1', null, null, '192.168.0.113', 'com.t4cloud.t.user.controller.LoginController.getCheckCode()', 'http://192.168.0.113:18080/user/login/checkCode', '[]', 'GET', '11', null, '2020-02-14 00:10:26', null, null);
INSERT INTO `sys_log` VALUES ('1cbf6d1eadada4430d5fa3c86d55eb4f', '2', '图片验证码获取', '4', '{\"result\":{\"code\":\"raB4\",\"key\":\"a3c6621297ec7e2b4aef95a0b89f95b4\"},\"code\":200,\"success\":true,\"message\":\"验证码获取成功\",\"timestamp\":1581649613262}', '1', null, null, '192.168.0.113', 'com.t4cloud.t.user.controller.LoginController.getCheckCode()', 'http://192.168.0.113:18080/user/login/checkCode', '[]', 'GET', '12', null, '2020-02-14 11:06:53', null, null);
INSERT INTO `sys_log` VALUES ('1ff742df2e31c1ef5ffa62b49405a1f9', '2', '图片验证码获取', '4', '{\"result\":{\"code\":\"zLm0\",\"key\":\"eb2f68815507ef1ba32f8f74f2aa324a\"},\"code\":200,\"success\":true,\"message\":\"验证码获取成功\",\"timestamp\":1581605528209}', '1', null, null, '192.168.0.113', 'com.t4cloud.t.user.controller.LoginController.getCheckCode()', 'http://192.168.0.113:18080/user/login/checkCode', '[]', 'GET', '10', null, '2020-02-13 22:52:08', null, null);
INSERT INTO `sys_log` VALUES ('2114b9bfcee34b99df1ae596a5d0ab7c', '2', '图片验证码获取', '4', '{\"result\":{\"code\":\"HFX6\",\"key\":\"b6e248eecc18a9ed48f040a137167d97\"},\"code\":200,\"success\":true,\"message\":\"验证码获取成功\",\"timestamp\":1581582077450}', '1', null, null, '220.248.17.34', 'com.t4cloud.t.user.controller.LoginController.getCheckCode()', 'http://127.0.0.1:18080/t4cloud-user/user/login/checkCode', '[]', 'GET', '3', null, '2020-02-13 02:21:17', null, null);
INSERT INTO `sys_log` VALUES ('2188ec3e8117563b8f131b5f2ce37c65', '2', '账号密码登录', '4', '{\"result\":{\"address\":\"\",\"gender\":1,\"idCard\":\"\",\"avatar\":\"\",\"realname\":\"管理员\",\"token\":\"eyJ0eXAiOiJKV1QiLCJhbGciOiJIUzI1NiJ9.eyJleHAiOjE1ODE2MDczNjEsInVzZXJuYW1lIjoiYWRtaW4ifQ.s8Ck3pPOvWBBvQApIRmaKD5nnOTF8IR0IPLjCkvcefg\",\"workNo\":\"002\",\"createBy\":\"TeaR\",\"post\":\"\",\"phone\":\"\",\"createTime\":1493778408000,\"updateBy\":\"\",\"email\":\"\",\"username\":\"admin\",\"status\":1},\"code\":200,\"success\":true,\"message\":\"登录成功\",\"timestamp\":1581605561259}', '1', null, null, '112.23.33.125', 'com.t4cloud.t.user.controller.LoginController.loginByPwd()', 'http://127.0.0.1:18080/t4cloud-user/user/login/loginByPwd', '[{\"codeKey\":\"89988ab1647c9b84cd75f2c977b3cad3\",\"password\":\"123456\",\"code\":\"acn2\",\"username\":\"admin\"}]', 'POST', '166', null, '2020-02-13 08:52:41', null, null);
INSERT INTO `sys_log` VALUES ('22da62ed22784200623826982c39c410', '2', '图片验证码获取', '4', '{\"result\":{\"code\":\"UnLu\",\"key\":\"36bac6072babb7eb6f370066c37e6f79\"},\"code\":200,\"success\":true,\"message\":\"验证码获取成功\",\"timestamp\":1581583744021}', '1', null, null, '112.23.33.125', 'com.t4cloud.t.user.controller.LoginController.getCheckCode()', 'http://127.0.0.1:18080/t4cloud-user/user/login/checkCode', '[]', 'GET', '4', null, '2020-02-13 02:49:04', null, null);
INSERT INTO `sys_log` VALUES ('22fa3948bf25a1a2290423b2fcc9a677', '2', '图片验证码获取', '4', '{\"result\":{\"code\":\"NAHn\",\"key\":\"f796d8d77dc280470ad29f78e1283592\"},\"code\":200,\"success\":true,\"message\":\"验证码获取成功\",\"timestamp\":1581608707457}', '1', null, null, '112.23.33.125', 'com.t4cloud.t.user.controller.LoginController.getCheckCode()', 'http://139.224.227.28:18080/user/login/checkCode', '[]', 'GET', '784', null, '2020-02-13 23:45:07', null, null);
INSERT INTO `sys_log` VALUES ('230329cabf94bc49f7286bd23188c935', '2', '账号密码登录', '4', '{\"result\":{\"address\":\"\",\"gender\":1,\"idCard\":\"\",\"avatar\":\"\",\"realname\":\"管理员\",\"token\":\"eyJ0eXAiOiJKV1QiLCJhbGciOiJIUzI1NiJ9.eyJleHAiOjE1ODE2MDk0NjcsInVzZXJuYW1lIjoiYWRtaW4ifQ.6v3caNNIpabImY2eGEmkB81L2uxRJEZjSqe14Dw6c3g\",\"workNo\":\"002\",\"createBy\":\"TeaR\",\"post\":\"\",\"phone\":\"\",\"createTime\":1493778408000,\"updateBy\":\"\",\"email\":\"\",\"username\":\"admin\",\"status\":1},\"code\":200,\"success\":true,\"message\":\"登录成功\",\"timestamp\":1581607667153}', '1', null, null, '112.23.33.125', 'com.t4cloud.t.user.controller.LoginController.loginByPwd()', 'http://127.0.0.1:18080/t4cloud-user/user/login/loginByPwd', '[{\"codeKey\":\"f28c20ffc36d1d78e8d03fe0ec6f1f39\",\"password\":\"123456\",\"code\":\"7f8e\",\"username\":\"admin\"}]', 'POST', '85', null, '2020-02-13 09:27:47', null, null);
INSERT INTO `sys_log` VALUES ('23d904fc1acf1cf2a5f756a2bcb40785', '2', '图片验证码获取', '4', '{\"result\":{\"code\":\"jQhq\",\"key\":\"38a2b2ad992b087c1886949fdd7c11df\"},\"code\":200,\"success\":true,\"message\":\"验证码获取成功\",\"timestamp\":1581608865973}', '1', null, null, '192.168.0.113', 'com.t4cloud.t.user.controller.LoginController.getCheckCode()', 'http://192.168.0.113:18080/user/login/checkCode', '[]', 'GET', '11', null, '2020-02-13 23:47:46', null, null);
INSERT INTO `sys_log` VALUES ('248238adf10e6e80c3319309f66955e5', '2', '图片验证码获取', '4', '{\"result\":{\"code\":\"MCw9\",\"key\":\"776a5314f3d383527a99d698aa5a8e7e\"},\"code\":200,\"success\":true,\"message\":\"验证码获取成功\",\"timestamp\":1581599520945}', '1', null, null, '192.168.0.113', 'com.t4cloud.t.user.controller.LoginController.getCheckCode()', 'http://192.168.0.113:18080/user/login/checkCode', '[]', 'GET', '12', null, '2020-02-13 21:12:01', null, null);
INSERT INTO `sys_log` VALUES ('273b766e5cd9c8abe46952566e7a1676', '2', '账号密码登录', '4', '{\"result\":{\"address\":\"\",\"gender\":1,\"idCard\":\"\",\"avatar\":\"\",\"realname\":\"管理员\",\"token\":\"eyJ0eXAiOiJKV1QiLCJhbGciOiJIUzI1NiJ9.eyJleHAiOjE1ODE1OTgwNzQsInVzZXJuYW1lIjoiYWRtaW4ifQ.SiN-sFQmziVupA9i4fvwNmoYHHKyOfxOGme-0Uui0Do\",\"workNo\":\"002\",\"createBy\":\"TeaR\",\"post\":\"\",\"phone\":\"\",\"createTime\":1493778408000,\"updateBy\":\"\",\"email\":\"\",\"username\":\"admin\",\"status\":1},\"code\":200,\"success\":true,\"message\":\"登录成功\",\"timestamp\":1581596274906}', '1', null, null, '101.229.199.185', 'com.t4cloud.t.user.controller.LoginController.loginByPwd()', 'http://127.0.0.1:18080/t4cloud-user/user/login/loginByPwd', '[{\"codeKey\":\"2226346075aba94f4850f318edfb5c46\",\"password\":\"123456\",\"code\":\"xsxs\",\"username\":\"admin\"}]', 'POST', '131', null, '2020-02-13 06:17:55', null, null);
INSERT INTO `sys_log` VALUES ('28a4efe37af358bec45503f0cd5849ec', '2', '退出登录', '2', '{\"code\":200,\"success\":true,\"message\":\"退出登录成功！\",\"timestamp\":1581609091858}', '1', null, null, '112.23.33.125', 'com.t4cloud.t.user.controller.LoginController.logout()', 'http://139.224.227.28:18080/user/login/logout', '[]', 'DELETE', '9', null, '2020-02-13 23:51:32', null, null);
INSERT INTO `sys_log` VALUES ('29970c01d46a9faec4957f0d8ba5091c', '2', '图片验证码获取', '4', '{\"result\":{\"code\":\"JRnu\",\"key\":\"04126a397a7c7e343eb40d4c542dd7c5\"},\"code\":200,\"success\":true,\"message\":\"验证码获取成功\",\"timestamp\":1581608660040}', '1', null, null, '192.168.0.113', 'com.t4cloud.t.user.controller.LoginController.getCheckCode()', 'http://192.168.0.113:18080/user/login/checkCode', '[]', 'GET', '12', null, '2020-02-13 23:44:20', null, null);
INSERT INTO `sys_log` VALUES ('2a6cab65744748b7fb8d3052eb4fd6f9', '2', '图片验证码获取', '4', '{\"result\":{\"code\":\"nWEA\",\"key\":\"5c18e2ada38adb06b947547b3044d512\"},\"code\":200,\"success\":true,\"message\":\"验证码获取成功\",\"timestamp\":1581587013517}', '1', null, null, '101.229.199.185', 'com.t4cloud.t.user.controller.LoginController.getCheckCode()', 'http://127.0.0.1:18080/t4cloud-user/user/login/checkCode', '[]', 'GET', '4', null, '2020-02-13 03:43:34', null, null);
INSERT INTO `sys_log` VALUES ('2ac534591783e10b8e23c34292b07acd', '2', '图片验证码获取', '4', '{\"result\":{\"code\":\"AcN2\",\"key\":\"89988ab1647c9b84cd75f2c977b3cad3\"},\"code\":200,\"success\":true,\"message\":\"验证码获取成功\",\"timestamp\":1581605461277}', '1', null, null, '112.23.33.125', 'com.t4cloud.t.user.controller.LoginController.getCheckCode()', 'http://127.0.0.1:18080/t4cloud-user/user/login/checkCode', '[]', 'GET', '4', null, '2020-02-13 08:51:01', null, null);
INSERT INTO `sys_log` VALUES ('2ae5cdab35e07461ba92e5ef18c85293', '2', '图片验证码获取', '4', '{\"result\":{\"code\":\"fgad\",\"key\":\"15c104e10ba0b0cda1dffa3abacb90ab\"},\"code\":200,\"success\":true,\"message\":\"验证码获取成功\",\"timestamp\":1581607407793}', '1', null, null, '112.23.33.125', 'com.t4cloud.t.user.controller.LoginController.getCheckCode()', 'http://127.0.0.1:18080/t4cloud-user/user/login/checkCode', '[]', 'GET', '5', null, '2020-02-13 09:23:28', null, null);
INSERT INTO `sys_log` VALUES ('2bdbdb59c98db159e65fab248e9f2e80', '2', '图片验证码获取', '4', '{\"result\":{\"code\":\"tVSA\",\"key\":\"b53d40f948f02f8506dbe71c895d772b\"},\"code\":200,\"success\":true,\"message\":\"验证码获取成功\",\"timestamp\":1581605238387}', '1', null, null, '112.23.33.125', 'com.t4cloud.t.user.controller.LoginController.getCheckCode()', 'http://127.0.0.1:18080/t4cloud-user/user/login/checkCode', '[]', 'GET', '5', null, '2020-02-13 08:47:18', null, null);
INSERT INTO `sys_log` VALUES ('2df8d691584e2e69bf8768626b5fb5e3', '2', '图片验证码获取', '4', '{\"result\":{\"code\":\"08Pp\",\"key\":\"730989e180efe0090d4f256a57d326da\"},\"code\":200,\"success\":true,\"message\":\"验证码获取成功\",\"timestamp\":1581604766962}', '1', null, null, '112.23.33.125', 'com.t4cloud.t.user.controller.LoginController.getCheckCode()', 'http://127.0.0.1:18080/t4cloud-user/user/login/checkCode', '[]', 'GET', '5', null, '2020-02-13 08:39:27', null, null);
INSERT INTO `sys_log` VALUES ('2e35ea8fd2c34b89a98ed841834f5a8b', '2', '图片验证码获取', '4', '{\"result\":{\"code\":\"cnkU\",\"key\":\"b8c182c09b4511ef1a83af239169b730\"},\"code\":200,\"success\":true,\"message\":\"验证码获取成功\",\"timestamp\":1581605839446}', '1', null, null, '192.168.0.113', 'com.t4cloud.t.user.controller.LoginController.getCheckCode()', 'http://192.168.0.113:18080/t4cloud-user/user/login/checkCode', '[]', 'GET', '46', null, '2020-02-13 22:57:19', null, null);
INSERT INTO `sys_log` VALUES ('2e3688cb3c880f1969c9d31bb3a49ad0', '2', '图片验证码获取', '4', '{\"result\":{\"code\":\"YVmn\",\"key\":\"b0a514a7f4f891267ad36cdd95fbffc7\"},\"code\":200,\"success\":true,\"message\":\"验证码获取成功\",\"timestamp\":1581604997118}', '1', null, null, '112.23.33.125', 'com.t4cloud.t.user.controller.LoginController.getCheckCode()', 'http://127.0.0.1:18080/t4cloud-user/user/login/checkCode', '[]', 'GET', '5', null, '2020-02-13 08:43:17', null, null);
INSERT INTO `sys_log` VALUES ('2efff3a27b87fb13de764ed06f32d206', '2', '账号密码登录', '4', '{\"result\":{\"address\":\"\",\"gender\":1,\"idCard\":\"\",\"avatar\":\"\",\"realname\":\"管理员\",\"token\":\"eyJ0eXAiOiJKV1QiLCJhbGciOiJIUzI1NiJ9.eyJleHAiOjE1ODE1ODYzNjUsInVzZXJuYW1lIjoiYWRtaW4ifQ.4yGo92N_DCUBvAZ8F6FRFbYA9onZ-AImbFmu4BlvgsU\",\"workNo\":\"002\",\"createBy\":\"TeaR\",\"post\":\"\",\"phone\":\"\",\"createTime\":1493778408000,\"updateBy\":\"\",\"email\":\"\",\"username\":\"admin\",\"status\":1},\"code\":200,\"success\":true,\"message\":\"登录成功\",\"timestamp\":1581584565944}', '1', null, null, '101.229.199.185', 'com.t4cloud.t.user.controller.LoginController.loginByPwd()', 'http://127.0.0.1:18080/t4cloud-user/user/login/loginByPwd', '[{\"codeKey\":\"5e493030c585efe184b554521af3b69e\",\"password\":\"123456\",\"code\":\"c3p0\",\"username\":\"admin\"}]', 'POST', '89', null, '2020-02-13 03:02:46', null, null);
INSERT INTO `sys_log` VALUES ('352bf0988ac36e45ea88c5c62363d30c', '2', '账号密码登录', '4', '{\"result\":{\"address\":\"\",\"gender\":1,\"idCard\":\"\",\"avatar\":\"\",\"realname\":\"管理员\",\"token\":\"eyJ0eXAiOiJKV1QiLCJhbGciOiJIUzI1NiJ9.eyJleHAiOjE1ODE2MTA5NjIsInVzZXJuYW1lIjoiYWRtaW4ifQ.pMmPTJNpe22a4we7ZzK01NZxGkvndTJZXKMu9rth7Lk\",\"workNo\":\"002\",\"createBy\":\"TeaR\",\"post\":\"\",\"phone\":\"\",\"createTime\":1493731608000,\"updateBy\":\"\",\"email\":\"\",\"username\":\"admin\",\"status\":1},\"code\":200,\"success\":true,\"message\":\"登录成功\",\"timestamp\":1581609162955}', '1', null, null, '112.23.33.125', 'com.t4cloud.t.user.controller.LoginController.loginByPwd()', 'http://139.224.227.28:18080/user/login/loginByPwd', '[{\"codeKey\":\"9bfa4c8f908dca0fbb944078e2d18fa6\",\"password\":\"123456\",\"code\":\"2mey\",\"username\":\"admin\"}]', 'POST', '90', null, '2020-02-13 23:52:43', null, null);
INSERT INTO `sys_log` VALUES ('357f1d94fa2fb1ebb0d80f76082e240b', '2', '图片验证码获取', '4', '{\"result\":{\"code\":\"wwR8\",\"key\":\"e3bc7317bf91957f5a21ecc39fde5799\"},\"code\":200,\"success\":true,\"message\":\"验证码获取成功\",\"timestamp\":1581596314343}', '1', null, null, '101.229.199.185', 'com.t4cloud.t.user.controller.LoginController.getCheckCode()', 'http://127.0.0.1:18080/t4cloud-user/user/login/checkCode', '[]', 'GET', '3', null, '2020-02-13 06:18:34', null, null);
INSERT INTO `sys_log` VALUES ('35f8ec5d99dade3651545e383520f150', '2', '图片验证码获取', '4', '{\"result\":{\"code\":\"RXF1\",\"key\":\"25037bc7cf502b6d43a0ae3e0611aeab\"},\"code\":200,\"success\":true,\"message\":\"验证码获取成功\",\"timestamp\":1581583399451}', '1', null, null, '101.229.199.185', 'com.t4cloud.t.user.controller.LoginController.getCheckCode()', 'http://127.0.0.1:18080/t4cloud-user/user/login/checkCode', '[]', 'GET', '4', null, '2020-02-13 02:43:19', null, null);
INSERT INTO `sys_log` VALUES ('3722162db1d61344247749c393bb4c39', '2', '图片验证码获取', '4', '{\"result\":{\"code\":\"ibqp\",\"key\":\"5edf3f5b7c29c495ede2040212bacc20\"},\"code\":200,\"success\":true,\"message\":\"验证码获取成功\",\"timestamp\":1581608317061}', '1', null, null, '192.168.0.113', 'com.t4cloud.t.user.controller.LoginController.getCheckCode()', 'http://192.168.0.113:18080/user/login/checkCode', '[]', 'GET', '13', null, '2020-02-13 23:38:37', null, null);
INSERT INTO `sys_log` VALUES ('383928c2b852680327c85810530986b4', '2', '图片验证码获取', '4', '{\"result\":{\"code\":\"VN7r\",\"key\":\"8a322d7396508d27c6c7d35e39d69236\"},\"code\":200,\"success\":true,\"message\":\"验证码获取成功\",\"timestamp\":1581605058344}', '1', null, null, '112.23.33.125', 'com.t4cloud.t.user.controller.LoginController.getCheckCode()', 'http://127.0.0.1:18080/t4cloud-user/user/login/checkCode', '[]', 'GET', '8', null, '2020-02-13 08:44:18', null, null);
INSERT INTO `sys_log` VALUES ('3855ab78d50519d8638db993cb5db4c0', '2', '图片验证码获取', '4', '{\"result\":{\"code\":\"9J4e\",\"key\":\"c3799c22cc246fd0e5a0db445a1bcfc9\"},\"code\":200,\"success\":true,\"message\":\"验证码获取成功\",\"timestamp\":1581608686135}', '1', null, null, '192.168.0.113', 'com.t4cloud.t.user.controller.LoginController.getCheckCode()', 'http://192.168.0.113:18080/user/login/checkCode', '[]', 'GET', '12', null, '2020-02-13 23:44:46', null, null);
INSERT INTO `sys_log` VALUES ('386f6abe0677fca4e229091ae0554995', '2', '账号密码登录', '4', '{\"code\":500,\"success\":false,\"message\":\"用户名或密码错误，请重试\",\"timestamp\":1581605344273}', '1', null, null, '112.23.33.125', 'com.t4cloud.t.user.controller.LoginController.loginByPwd()', 'http://127.0.0.1:18080/t4cloud-user/user/login/loginByPwd', '[{\"codeKey\":\"7ff6dd834413ef02d976eb3dd31b4a21\",\"password\":\"admin6\",\"code\":\"tppl\",\"username\":\"admin\"}]', 'POST', '394', null, '2020-02-13 08:49:04', null, null);
INSERT INTO `sys_log` VALUES ('392082f8d4b256dec7ee4b63941bc00c', '2', '图片验证码获取', '4', '{\"result\":{\"code\":\"jZMj\",\"key\":\"3f2852c9eeda9c4e85163df57dbc3f91\"},\"code\":200,\"success\":true,\"message\":\"验证码获取成功\",\"timestamp\":1581610247857}', '1', null, null, '192.168.0.113', 'com.t4cloud.t.user.controller.LoginController.getCheckCode()', 'http://192.168.0.113:18080/user/login/checkCode', '[]', 'GET', '10', null, '2020-02-14 00:10:48', null, null);
INSERT INTO `sys_log` VALUES ('3b1745a2f51f92fdb0b5832bff46e5a1', '2', '图片验证码获取', '4', '{\"result\":{\"code\":\"WQnm\",\"key\":\"1513cc122b90291b402406f2b70f1493\"},\"code\":200,\"success\":true,\"message\":\"验证码获取成功\",\"timestamp\":1581659781173}', '1', null, null, '101.229.199.185,127.0.0.1', 'com.t4cloud.t.user.controller.LoginController.getCheckCode()', 'http://172.19.186.110:18080/login/checkCode', '[]', 'GET', '655', null, '2020-02-14 13:56:21', null, null);
INSERT INTO `sys_log` VALUES ('3bd4e52cb6c41209185c26990741268e', '2', '图片验证码获取', '4', '{\"result\":{\"code\":\"hSl9\",\"key\":\"65270236995a3b0d2aa018fe9e78f552\"},\"code\":200,\"success\":true,\"message\":\"验证码获取成功\",\"timestamp\":1581607781223}', '1', null, null, '112.23.33.125', 'com.t4cloud.t.user.controller.LoginController.getCheckCode()', 'http://127.0.0.1:18080/t4cloud-user/user/login/checkCode', '[]', 'GET', '5', null, '2020-02-13 09:29:41', null, null);
INSERT INTO `sys_log` VALUES ('3d0bf28fb44c17d3fab8691d0bd3d85a', '2', '账号密码登录', '4', '{\"code\":500,\"success\":false,\"message\":\"用户名或密码错误，请重试\",\"timestamp\":1581605435634}', '1', null, null, '112.23.33.125', 'com.t4cloud.t.user.controller.LoginController.loginByPwd()', 'http://127.0.0.1:18080/t4cloud-user/user/login/loginByPwd', '[{\"codeKey\":\"33715bd60bdbe6bc65b40860f91c4a40\",\"password\":\"admin\",\"code\":\"2tla\",\"username\":\"admin\"}]', 'POST', '72', null, '2020-02-13 08:50:36', null, null);
INSERT INTO `sys_log` VALUES ('3f591e661007c4c3a339bd80bcd06278', '2', '图片验证码获取', '4', '{\"result\":{\"code\":\"2fzS\",\"key\":\"7e3745debf44a5446a7bd7c99d81d5a3\"},\"code\":200,\"success\":true,\"message\":\"验证码获取成功\",\"timestamp\":1581583391707}', '1', null, null, '101.229.199.185', 'com.t4cloud.t.user.controller.LoginController.getCheckCode()', 'http://127.0.0.1:18080/t4cloud-user/user/login/checkCode', '[]', 'GET', '3', null, '2020-02-13 02:43:12', null, null);
INSERT INTO `sys_log` VALUES ('401d261714ff629ba17cc58ccf76f03f', '2', '图片验证码获取', '4', '{\"result\":{\"code\":\"dDgw\",\"key\":\"fe6684c29c4a3c830f24f72ee9ae3da8\"},\"code\":200,\"success\":true,\"message\":\"验证码获取成功\",\"timestamp\":1581608685174}', '1', null, null, '192.168.0.113', 'com.t4cloud.t.user.controller.LoginController.getCheckCode()', 'http://192.168.0.113:18080/user/login/checkCode', '[]', 'GET', '12', null, '2020-02-13 23:44:45', null, null);
INSERT INTO `sys_log` VALUES ('40d73071d37edb0539ecf371547190ca', '2', '图片验证码获取', '4', '{\"result\":{\"code\":\"hE1r\",\"key\":\"32b9d38fde16fed1045c849d147e7b06\"},\"code\":200,\"success\":true,\"message\":\"验证码获取成功\",\"timestamp\":1581606025266}', '1', null, null, '112.23.33.125', 'com.t4cloud.t.user.controller.LoginController.getCheckCode()', 'http://127.0.0.1:18080/t4cloud-user/user/login/checkCode', '[]', 'GET', '5', null, '2020-02-13 09:00:25', null, null);
INSERT INTO `sys_log` VALUES ('42c125e6bca5e91cf755b6d7e87bc88f', '2', '图片验证码获取', '4', '{\"result\":{\"code\":\"bSde\",\"key\":\"bcc032542e7a34235e82656c1bbdb28b\"},\"code\":200,\"success\":true,\"message\":\"验证码获取成功\",\"timestamp\":1581605072599}', '1', null, null, '112.23.33.125', 'com.t4cloud.t.user.controller.LoginController.getCheckCode()', 'http://127.0.0.1:18080/t4cloud-user/user/login/checkCode', '[]', 'GET', '5', null, '2020-02-13 08:44:33', null, null);
INSERT INTO `sys_log` VALUES ('44186a0362fbd7656eb83a6bb2bf1645', '2', '图片验证码获取', '4', '{\"result\":{\"code\":\"C3P0\",\"key\":\"5e493030c585efe184b554521af3b69e\"},\"code\":200,\"success\":true,\"message\":\"验证码获取成功\",\"timestamp\":1581584539879}', '1', null, null, '101.229.199.185', 'com.t4cloud.t.user.controller.LoginController.getCheckCode()', 'http://127.0.0.1:18080/t4cloud-user/user/login/checkCode', '[]', 'GET', '4', null, '2020-02-13 03:02:20', null, null);
INSERT INTO `sys_log` VALUES ('45fda7280300c3ff7da0a24568759681', '2', '账号密码登录', '4', '{\"result\":{\"address\":\"\",\"gender\":1,\"idCard\":\"\",\"avatar\":\"\",\"realname\":\"管理员\",\"token\":\"eyJ0eXAiOiJKV1QiLCJhbGciOiJIUzI1NiJ9.eyJleHAiOjE1ODE1ODMwMDksInVzZXJuYW1lIjoiYWRtaW4ifQ.YLncdNGahX-2hJxdSSJn2lPKrRA6a6qFNebf2D9H5DI\",\"workNo\":\"002\",\"createBy\":\"TeaR\",\"post\":\"\",\"phone\":\"\",\"createTime\":1493778408000,\"updateBy\":\"\",\"email\":\"\",\"username\":\"admin\",\"status\":1},\"code\":200,\"success\":true,\"message\":\"登录成功\",\"timestamp\":1581581209683}', '1', null, null, '220.248.17.34', 'com.t4cloud.t.user.controller.LoginController.loginByPwd()', 'http://127.0.0.1:18080/t4cloud-user/user/login/loginByPwd', '[{\"codeKey\":\"54acfef5b4453f14119fbbad4e7c536e\",\"password\":\"123456\",\"code\":\"qxzm\",\"username\":\"admin\"}]', 'POST', '86', null, '2020-02-13 02:06:50', null, null);
INSERT INTO `sys_log` VALUES ('4600d40707a4f9fc767b884ca952244f', '2', '图片验证码获取', '4', '{\"result\":{\"code\":\"SPEB\",\"key\":\"fcd958299d2ef3d5346abf634a3ef79f\"},\"code\":200,\"success\":true,\"message\":\"验证码获取成功\",\"timestamp\":1581608693945}', '1', null, null, '192.168.0.113', 'com.t4cloud.t.user.controller.LoginController.getCheckCode()', 'http://192.168.0.113:18080/user/login/checkCode', '[]', 'GET', '12', null, '2020-02-13 23:44:54', null, null);
INSERT INTO `sys_log` VALUES ('46bbd1af87a9f9f4ccec2e331cf12468', '2', '图片验证码获取', '4', '{\"result\":{\"code\":\"2WJ5\",\"key\":\"1764678aff6bf25221229f5ab255be62\"},\"code\":200,\"success\":true,\"message\":\"验证码获取成功\",\"timestamp\":1581583412000}', '1', null, null, '101.229.199.185', 'com.t4cloud.t.user.controller.LoginController.getCheckCode()', 'http://127.0.0.1:18080/t4cloud-user/user/login/checkCode', '[]', 'GET', '3', null, '2020-02-13 02:43:32', null, null);
INSERT INTO `sys_log` VALUES ('46e0d8e194d38914834c195dac92bba8', '2', '图片验证码获取', '4', '{\"result\":{\"code\":\"klV7\",\"key\":\"9b8162cfca5939ebc6c22a3cddc8d409\"},\"code\":200,\"success\":true,\"message\":\"验证码获取成功\",\"timestamp\":1581584454390}', '1', null, null, '112.23.33.125', 'com.t4cloud.t.user.controller.LoginController.getCheckCode()', 'http://127.0.0.1:18080/t4cloud-user/user/login/checkCode', '[]', 'GET', '5', null, '2020-02-13 03:00:54', null, null);
INSERT INTO `sys_log` VALUES ('4819b2c24f1963f94af096a37f54ae2b', '2', '退出登录', '2', '{\"code\":200,\"success\":true,\"message\":\"退出登录成功！\",\"timestamp\":1581609016816}', '1', null, null, '112.23.33.125', 'com.t4cloud.t.user.controller.LoginController.logout()', 'http://139.224.227.28:18080/user/login/logout', '[]', 'DELETE', '16', null, '2020-02-13 23:50:17', null, null);
INSERT INTO `sys_log` VALUES ('49dffc8fda608e2f6bc2deae0f1be3f9', '2', '图片验证码获取', '4', '{\"result\":{\"code\":\"Mhq7\",\"key\":\"d353efa41c886a8d453534455655a737\"},\"code\":200,\"success\":true,\"message\":\"验证码获取成功\",\"timestamp\":1581608873562}', '1', null, null, '192.168.0.113', 'com.t4cloud.t.user.controller.LoginController.getCheckCode()', 'http://192.168.0.113:18080/user/login/checkCode', '[]', 'GET', '10', null, '2020-02-13 23:47:54', null, null);
INSERT INTO `sys_log` VALUES ('4af00ac515bf01fdadd4b130c2c37279', '2', '图片验证码获取', '4', '{\"result\":{\"code\":\"9sz8\",\"key\":\"89d4de4ad82eba4986b18b3c68d64b4c\"},\"code\":200,\"success\":true,\"message\":\"验证码获取成功\",\"timestamp\":1581596304066}', '1', null, null, '101.229.199.185', 'com.t4cloud.t.user.controller.LoginController.getCheckCode()', 'http://127.0.0.1:18080/t4cloud-user/user/login/checkCode', '[]', 'GET', '4', null, '2020-02-13 06:18:24', null, null);
INSERT INTO `sys_log` VALUES ('4afc3842038d814fd5b504e8ecc90575', '2', '图片验证码获取', '4', '{\"result\":{\"code\":\"zrbR\",\"key\":\"6c333d54f7fb73d8cd32bd8b6570ba1e\"},\"code\":200,\"success\":true,\"message\":\"验证码获取成功\",\"timestamp\":1581608694626}', '1', null, null, '192.168.0.113', 'com.t4cloud.t.user.controller.LoginController.getCheckCode()', 'http://192.168.0.113:18080/user/login/checkCode', '[]', 'GET', '12', null, '2020-02-13 23:44:55', null, null);
INSERT INTO `sys_log` VALUES ('4bac817ba12d5f9cc86dda463dccdcdc', '2', '图片验证码获取', '4', '{\"result\":{\"code\":\"05D7\",\"key\":\"5d822ddc09d12f3ce5f20f2dcfd69464\"},\"code\":200,\"success\":true,\"message\":\"验证码获取成功\",\"timestamp\":1581604920829}', '1', null, null, '112.23.33.125', 'com.t4cloud.t.user.controller.LoginController.getCheckCode()', 'http://127.0.0.1:18080/t4cloud-user/user/login/checkCode', '[]', 'GET', '6', null, '2020-02-13 08:42:01', null, null);
INSERT INTO `sys_log` VALUES ('4c26783c8ab1fd5f7a907405e306de06', '2', '图片验证码获取', '4', '{\"result\":{\"code\":\"i2yN\",\"key\":\"f7309fc3bdb91e78f1b8b03cddab88af\"},\"code\":200,\"success\":true,\"message\":\"验证码获取成功\",\"timestamp\":1581609192642}', '1', null, null, '112.23.33.125', 'com.t4cloud.t.user.controller.LoginController.getCheckCode()', 'http://139.224.227.28:18080/user/login/checkCode', '[]', 'GET', '5', null, '2020-02-13 23:53:13', null, null);
INSERT INTO `sys_log` VALUES ('4cce576157fec1373c40d25a45f9bac2', '2', '图片验证码获取', '4', '{\"result\":{\"code\":\"d5Vq\",\"key\":\"2b1210e1fe6f3315fe9fcdcafd9c7d9f\"},\"code\":200,\"success\":true,\"message\":\"验证码获取成功\",\"timestamp\":1581600115809}', '1', null, null, '192.168.0.113', 'com.t4cloud.t.user.controller.LoginController.getCheckCode()', 'http://192.168.0.113:18080/user/login/checkCode', '[]', 'GET', '12', null, '2020-02-13 21:21:56', null, null);
INSERT INTO `sys_log` VALUES ('4e7d82d1ea4a6f0a4fdbc778e84d5a54', '2', '图片验证码获取', '4', '{\"result\":{\"code\":\"VCPG\",\"key\":\"2b251b6c74a83060fe39f2352d49dc07\"},\"code\":200,\"success\":true,\"message\":\"验证码获取成功\",\"timestamp\":1581606917724}', '1', null, null, '112.23.33.125', 'com.t4cloud.t.user.controller.LoginController.getCheckCode()', 'http://127.0.0.1:18080/t4cloud-user/user/login/checkCode', '[]', 'GET', '5', null, '2020-02-13 09:15:18', null, null);
INSERT INTO `sys_log` VALUES ('4f1b0bc1923197f4d4dfe7ca033235b6', '2', '账号密码登录', '4', '{\"result\":{\"address\":\"\",\"gender\":1,\"idCard\":\"\",\"avatar\":\"\",\"realname\":\"管理员\",\"token\":\"eyJ0eXAiOiJKV1QiLCJhbGciOiJIUzI1NiJ9.eyJleHAiOjE1ODE2MDc1MDgsInVzZXJuYW1lIjoiYWRtaW4ifQ.2tg0MQcTeA5RsqbGou84ppSEqdrSzXX9gKxdgh2XiEI\",\"workNo\":\"002\",\"createBy\":\"TeaR\",\"post\":\"\",\"phone\":\"\",\"createTime\":1493778408000,\"updateBy\":\"\",\"email\":\"\",\"username\":\"admin\",\"status\":1},\"code\":200,\"success\":true,\"message\":\"登录成功\",\"timestamp\":1581605708505}', '1', null, null, '112.23.33.125', 'com.t4cloud.t.user.controller.LoginController.loginByPwd()', 'http://127.0.0.1:18080/t4cloud-user/user/login/loginByPwd', '[{\"codeKey\":\"9a7741ea3dc2bad9a8de420a64e67b43\",\"password\":\"123456\",\"code\":\"4nii\",\"username\":\"admin\"}]', 'POST', '84', null, '2020-02-13 08:55:09', null, null);
INSERT INTO `sys_log` VALUES ('4f95514571b76df5b5a7a07da478f413', '2', '账号密码登录', '4', '{\"result\":{\"address\":\"\",\"gender\":1,\"idCard\":\"\",\"avatar\":\"\",\"realname\":\"管理员\",\"token\":\"eyJ0eXAiOiJKV1QiLCJhbGciOiJIUzI1NiJ9.eyJleHAiOjE1ODE1OTgxMDcsInVzZXJuYW1lIjoiYWRtaW4ifQ.UizaFN9aIPFk7o1HRJoKl90Q0PPh0eGtHq1XyBFSJlQ\",\"workNo\":\"002\",\"createBy\":\"TeaR\",\"post\":\"\",\"phone\":\"\",\"createTime\":1493778408000,\"updateBy\":\"\",\"email\":\"\",\"username\":\"admin\",\"status\":1},\"code\":200,\"success\":true,\"message\":\"登录成功\",\"timestamp\":1581596307464}', '1', null, null, '101.229.199.185', 'com.t4cloud.t.user.controller.LoginController.loginByPwd()', 'http://127.0.0.1:18080/t4cloud-user/user/login/loginByPwd', '[{\"codeKey\":\"89d4de4ad82eba4986b18b3c68d64b4c\",\"password\":\"123456\",\"code\":\"9sz8\",\"username\":\"admin\"}]', 'POST', '79', null, '2020-02-13 06:18:27', null, null);
INSERT INTO `sys_log` VALUES ('4fbc91b927e500519fe44b47cf79fad2', '2', '图片验证码获取', '4', '{\"result\":{\"code\":\"9yHL\",\"key\":\"1dabd487e307bbf68e1ffc3548a2517f\"},\"code\":200,\"success\":true,\"message\":\"验证码获取成功\",\"timestamp\":1581604571067}', '1', null, null, '101.229.199.185', 'com.t4cloud.t.user.controller.LoginController.getCheckCode()', 'http://127.0.0.1:18080/t4cloud-user/user/login/checkCode', '[]', 'GET', '927', null, '2020-02-13 08:36:11', null, null);
INSERT INTO `sys_log` VALUES ('4fe3c808ef16962d46cad57a31e2c3f1', '2', '账号密码登录', '4', '{\"result\":{\"address\":\"\",\"gender\":1,\"idCard\":\"\",\"avatar\":\"\",\"realname\":\"管理员\",\"token\":\"eyJ0eXAiOiJKV1QiLCJhbGciOiJIUzI1NiJ9.eyJleHAiOjE1ODE1ODU5ODMsInVzZXJuYW1lIjoiYWRtaW4ifQ.EjsIcyY2oQiSgpTty-8pWWYllPRhEY4UM6HMTgPCd98\",\"workNo\":\"002\",\"createBy\":\"TeaR\",\"post\":\"\",\"phone\":\"\",\"createTime\":1493778408000,\"updateBy\":\"\",\"email\":\"\",\"username\":\"admin\",\"status\":1},\"code\":200,\"success\":true,\"message\":\"登录成功\",\"timestamp\":1581584183684}', '1', null, null, '101.229.199.185', 'com.t4cloud.t.user.controller.LoginController.loginByPwd()', 'http://127.0.0.1:18080/t4cloud-user/user/login/loginByPwd', '[{\"codeKey\":\"b402613b50c7d5af7da56265e30e9e21\",\"password\":\"123456\",\"code\":\"5dfp\",\"username\":\"admin\"}]', 'POST', '82', null, '2020-02-13 02:56:24', null, null);
INSERT INTO `sys_log` VALUES ('50c4c44a7eeb4dc6083b32f25fed484a', '2', '图片验证码获取', '4', '{\"result\":{\"code\":\"tA3d\",\"key\":\"bf3c837ee2d61f4f4b78f3ba9086253f\"},\"code\":200,\"success\":true,\"message\":\"验证码获取成功\",\"timestamp\":1581600115188}', '1', null, null, '192.168.0.113', 'com.t4cloud.t.user.controller.LoginController.getCheckCode()', 'http://192.168.0.113:18080/user/login/checkCode', '[]', 'GET', '11', null, '2020-02-13 21:21:55', null, null);
INSERT INTO `sys_log` VALUES ('589e46af976aa650e46debace181c49e', '2', '图片验证码获取', '4', '{\"result\":{\"code\":\"PLHB\",\"key\":\"97a003a96d714bd62cf9bcd99063767b\"},\"code\":200,\"success\":true,\"message\":\"验证码获取成功\",\"timestamp\":1581583392525}', '1', null, null, '101.229.199.185', 'com.t4cloud.t.user.controller.LoginController.getCheckCode()', 'http://127.0.0.1:18080/t4cloud-user/user/login/checkCode', '[]', 'GET', '3', null, '2020-02-13 02:43:13', null, null);
INSERT INTO `sys_log` VALUES ('59db9a7e40691dca33c2b0da82581b05', '2', '账号密码登录', '4', '{\"result\":{\"address\":\"\",\"gender\":1,\"idCard\":\"\",\"avatar\":\"\",\"realname\":\"管理员\",\"token\":\"eyJ0eXAiOiJKV1QiLCJhbGciOiJIUzI1NiJ9.eyJleHAiOjE1ODE1ODQyMzgsInVzZXJuYW1lIjoiYWRtaW4ifQ.fSddzzm0vWk0XJ1-WGjj3xiL4vXAW3lE39J4fPWwmHA\",\"workNo\":\"002\",\"createBy\":\"TeaR\",\"post\":\"\",\"phone\":\"\",\"createTime\":1493778408000,\"updateBy\":\"\",\"email\":\"\",\"username\":\"admin\",\"status\":1},\"code\":200,\"success\":true,\"message\":\"登录成功\",\"timestamp\":1581582438420}', '1', null, null, '112.23.33.125', 'com.t4cloud.t.user.controller.LoginController.loginByPwd()', 'http://127.0.0.1:18080/t4cloud-user/user/login/loginByPwd', '[{\"codeKey\":\"89b53c4eb4123a11c0009f6ef65e3d63\",\"password\":\"123456\",\"code\":\"ine7\",\"username\":\"admin\"}]', 'POST', '81', null, '2020-02-13 02:27:18', null, null);
INSERT INTO `sys_log` VALUES ('59de5c54d76f5ee8efa34d61e272a7f3', '2', '图片验证码获取', '4', '{\"result\":{\"code\":\"HCmE\",\"key\":\"e840822e786bd59652e6db9f651b9206\"},\"code\":200,\"success\":true,\"message\":\"验证码获取成功\",\"timestamp\":1581598578877}', '1', null, null, '192.168.0.113', 'com.t4cloud.t.user.controller.LoginController.getCheckCode()', 'http://192.168.0.113:18080//t4cloud-user/user/login/checkCode', '[]', 'GET', '53', null, '2020-02-13 20:56:19', null, null);
INSERT INTO `sys_log` VALUES ('59f318990a928c193d9a6ad55374949a', '2', '图片验证码获取', '4', '{\"result\":{\"code\":\"QXZM\",\"key\":\"54acfef5b4453f14119fbbad4e7c536e\"},\"code\":200,\"success\":true,\"message\":\"验证码获取成功\",\"timestamp\":1581581198931}', '1', null, null, '220.248.17.34', 'com.t4cloud.t.user.controller.LoginController.getCheckCode()', 'http://127.0.0.1:18080/t4cloud-user/user/login/checkCode', '[]', 'GET', '5', null, '2020-02-13 02:06:39', null, null);
INSERT INTO `sys_log` VALUES ('5b354a35149a0c1471ff4c5ad314e040', '2', '图片验证码获取', '4', '{\"result\":{\"code\":\"kzWN\",\"key\":\"a20d13c31abb410eee70efa3e2112b7d\"},\"code\":200,\"success\":true,\"message\":\"验证码获取成功\",\"timestamp\":1581601609049}', '1', null, null, '192.168.0.113', 'com.t4cloud.t.user.controller.LoginController.getCheckCode()', 'http://192.168.0.113:18080/user/login/checkCode', '[]', 'GET', '13', null, '2020-02-13 21:46:49', null, null);
INSERT INTO `sys_log` VALUES ('5b3fa08b7f05393bf31b20a6916d7643', '2', '退出登录', '2', '{\"code\":200,\"success\":true,\"message\":\"退出登录成功！\",\"timestamp\":1581607622400}', '1', null, null, '192.168.0.113', 'com.t4cloud.t.user.controller.LoginController.logout()', 'http://192.168.0.113:18080/user/login/logout', '[]', 'DELETE', '117', null, '2020-02-13 23:27:02', null, null);
INSERT INTO `sys_log` VALUES ('5bdf9bda0e3d65ccc4d865eba1fddc80', '2', '账号密码登录', '4', '{\"result\":{\"address\":\"\",\"gender\":1,\"idCard\":\"\",\"avatar\":\"\",\"realname\":\"管理员\",\"token\":\"eyJ0eXAiOiJKV1QiLCJhbGciOiJIUzI1NiJ9.eyJleHAiOjE1ODE1OTA1OTcsInVzZXJuYW1lIjoiYWRtaW4ifQ.emicQFV0L75sYUoEr6xGnSddIHDHrf68RoQ4l8Nwzko\",\"workNo\":\"002\",\"createBy\":\"TeaR\",\"post\":\"\",\"phone\":\"\",\"createTime\":1493778408000,\"updateBy\":\"\",\"email\":\"\",\"username\":\"admin\",\"status\":1},\"code\":200,\"success\":true,\"message\":\"登录成功\",\"timestamp\":1581588797166}', '1', null, null, '112.23.33.125', 'com.t4cloud.t.user.controller.LoginController.loginByPwd()', 'http://127.0.0.1:18080/t4cloud-user/user/login/loginByPwd', '[{\"codeKey\":\"eec096052693e3fdbe200bf5bc7a4039\",\"password\":\"123456\",\"code\":\"rpvr\",\"username\":\"admin\"}]', 'POST', '83', null, '2020-02-13 04:13:17', null, null);
INSERT INTO `sys_log` VALUES ('5e139cdc19d27bfe04689210a182044a', '2', '账号密码登录', '4', '{\"code\":500,\"success\":false,\"message\":\"用户名或密码错误，请重试\",\"timestamp\":1581605467389}', '1', null, null, '112.23.33.125', 'com.t4cloud.t.user.controller.LoginController.loginByPwd()', 'http://127.0.0.1:18080/t4cloud-user/user/login/loginByPwd', '[{\"codeKey\":\"89988ab1647c9b84cd75f2c977b3cad3\",\"password\":\"admin\",\"code\":\"acn2\",\"username\":\"admin\"}]', 'POST', '73', null, '2020-02-13 08:51:07', null, null);
INSERT INTO `sys_log` VALUES ('5e754e83abe2e6675a49177a0e256f34', '2', '账号密码登录', '4', '{\"result\":{\"address\":\"\",\"gender\":1,\"idCard\":\"\",\"avatar\":\"\",\"realname\":\"管理员\",\"token\":\"eyJ0eXAiOiJKV1QiLCJhbGciOiJIUzI1NiJ9.eyJleHAiOjE1ODE2MDgwMjgsInVzZXJuYW1lIjoiYWRtaW4ifQ.jNpjUC2wGX8XXZdHL3ld0EFAJTMkFoUtHUtOih2MwtY\",\"workNo\":\"002\",\"createBy\":\"TeaR\",\"post\":\"\",\"phone\":\"\",\"createTime\":1493778408000,\"updateBy\":\"\",\"email\":\"\",\"username\":\"admin\",\"status\":1},\"code\":200,\"success\":true,\"message\":\"登录成功\",\"timestamp\":1581606228848}', '1', null, null, '112.23.33.125', 'com.t4cloud.t.user.controller.LoginController.loginByPwd()', 'http://127.0.0.1:18080/t4cloud-user/user/login/loginByPwd', '[{\"codeKey\":\"8c38159af38b6697fd83325c00face68\",\"password\":\"123456\",\"code\":\"yfpf\",\"username\":\"admin\"}]', 'POST', '91', null, '2020-02-13 09:03:49', null, null);
INSERT INTO `sys_log` VALUES ('61eadd8c466bd39abf2ca53155b8efd2', '2', '账号密码登录', '4', '{\"result\":{\"address\":\"\",\"gender\":1,\"idCard\":\"\",\"avatar\":\"\",\"realname\":\"管理员\",\"token\":\"eyJ0eXAiOiJKV1QiLCJhbGciOiJIUzI1NiJ9.eyJleHAiOjE1ODE1ODk4NTUsInVzZXJuYW1lIjoiYWRtaW4ifQ.nmoHUY-FVMvuuStzD37ZD-JrbohITHQUpZ4NOvGJHNQ\",\"workNo\":\"002\",\"createBy\":\"TeaR\",\"post\":\"\",\"phone\":\"\",\"createTime\":1493778408000,\"updateBy\":\"\",\"email\":\"\",\"username\":\"admin\",\"status\":1},\"code\":200,\"success\":true,\"message\":\"登录成功\",\"timestamp\":1581588055442}', '1', null, null, '112.23.33.125', 'com.t4cloud.t.user.controller.LoginController.loginByPwd()', 'http://127.0.0.1:18080/t4cloud-user/user/login/loginByPwd', '[{\"codeKey\":\"14672a47cdc1c5cc45a37e4c0ae3b238\",\"password\":\"123456\",\"code\":\"s2jn\",\"username\":\"admin\"}]', 'POST', '91', null, '2020-02-13 04:00:55', null, null);
INSERT INTO `sys_log` VALUES ('63b98a4b0ed012cf6b41299da8197019', '2', '图片验证码获取', '4', '{\"result\":{\"code\":\"Ru8S\",\"key\":\"fa19dcef89c74ab4db729f7a05d80c0f\"},\"code\":200,\"success\":true,\"message\":\"验证码获取成功\",\"timestamp\":1581598584913}', '1', null, null, '192.168.0.113', 'com.t4cloud.t.user.controller.LoginController.getCheckCode()', 'http://192.168.0.113:18080/t4cloud-user/user/login/checkCode', '[]', 'GET', '11', null, '2020-02-13 20:56:25', null, null);
INSERT INTO `sys_log` VALUES ('6591b298be5848318254db3da451cdec', '2', '图片验证码获取', '4', '{\"result\":{\"code\":\"8UbS\",\"key\":\"c591e3d689b5f8e8ffa3b9a1cfd0559c\"},\"code\":200,\"success\":true,\"message\":\"验证码获取成功\",\"timestamp\":1581609166291}', '1', null, null, '112.23.33.125', 'com.t4cloud.t.user.controller.LoginController.getCheckCode()', 'http://139.224.227.28:18080/user/login/checkCode', '[]', 'GET', '6', null, '2020-02-13 23:52:46', null, null);
INSERT INTO `sys_log` VALUES ('6b4a5ec988095b5a2c7a8449149d476a', '2', '图片验证码获取', '4', '{\"result\":{\"code\":\"LmJD\",\"key\":\"028a7054d00db5a520ec1024f02b4463\"},\"code\":200,\"success\":true,\"message\":\"验证码获取成功\",\"timestamp\":1581583398631}', '1', null, null, '101.229.199.185', 'com.t4cloud.t.user.controller.LoginController.getCheckCode()', 'http://127.0.0.1:18080/t4cloud-user/user/login/checkCode', '[]', 'GET', '3', null, '2020-02-13 02:43:19', null, null);
INSERT INTO `sys_log` VALUES ('6beb168d8df9c98592333dd0707ef7ce', '2', '图片验证码获取', '4', '{\"result\":{\"code\":\"hB0X\",\"key\":\"c6e4fe913c680a27f56a05fbcadedf6c\"},\"code\":200,\"success\":true,\"message\":\"验证码获取成功\",\"timestamp\":1581598582614}', '1', null, null, '192.168.0.113', 'com.t4cloud.t.user.controller.LoginController.getCheckCode()', 'http://192.168.0.113:18080/t4cloud-user/user/login/checkCode', '[]', 'GET', '12', null, '2020-02-13 20:56:23', null, null);
INSERT INTO `sys_log` VALUES ('6e9f65c5b31d1ff2848173b02fa1f8a7', '2', '图片验证码获取', '4', '{\"result\":{\"code\":\"3ksi\",\"key\":\"b0f816c0b1b49b851728d8e2ad58d6b9\"},\"code\":200,\"success\":true,\"message\":\"验证码获取成功\",\"timestamp\":1581608872682}', '1', null, null, '192.168.0.113', 'com.t4cloud.t.user.controller.LoginController.getCheckCode()', 'http://192.168.0.113:18080/user/login/checkCode', '[]', 'GET', '13', null, '2020-02-13 23:47:53', null, null);
INSERT INTO `sys_log` VALUES ('6f4ed03641c819ef1a7057f256ee6250', '2', '账号密码登录', '4', '{\"result\":{\"address\":\"\",\"gender\":1,\"idCard\":\"\",\"avatar\":\"\",\"realname\":\"管理员\",\"token\":\"eyJ0eXAiOiJKV1QiLCJhbGciOiJIUzI1NiJ9.eyJleHAiOjE1ODE1ODY2MDUsInVzZXJuYW1lIjoiYWRtaW4ifQ.AamSXqJ83t7Z7AiLiiziFcrfn88e4T2hsoYAZNE999c\",\"workNo\":\"002\",\"createBy\":\"TeaR\",\"post\":\"\",\"phone\":\"\",\"createTime\":1493778408000,\"updateBy\":\"\",\"email\":\"\",\"username\":\"admin\",\"status\":1},\"code\":200,\"success\":true,\"message\":\"登录成功\",\"timestamp\":1581584805398}', '1', null, null, '112.23.33.125', 'com.t4cloud.t.user.controller.LoginController.loginByPwd()', 'http://127.0.0.1:18080/t4cloud-user/user/login/loginByPwd', '[{\"codeKey\":\"0d31a30d1db2bf9e3bfad69c48759e80\",\"password\":\"123456\",\"code\":\"phcd\",\"username\":\"admin\"}]', 'POST', '85', null, '2020-02-13 03:06:45', null, null);
INSERT INTO `sys_log` VALUES ('6fbccfa305d67ae94ac8ce082a2d525d', '2', '图片验证码获取', '4', '{\"result\":{\"code\":\"Jxzt\",\"key\":\"a478ad5808425473e05a747dee9b4aa2\"},\"code\":200,\"success\":true,\"message\":\"验证码获取成功\",\"timestamp\":1581608694951}', '1', null, null, '192.168.0.113', 'com.t4cloud.t.user.controller.LoginController.getCheckCode()', 'http://192.168.0.113:18080/user/login/checkCode', '[]', 'GET', '10', null, '2020-02-13 23:44:55', null, null);
INSERT INTO `sys_log` VALUES ('7087dde07ed0e9c111f1d436242e52a5', '2', '图片验证码获取', '4', '{\"result\":{\"code\":\"ejFy\",\"key\":\"5218e15d5a88d26a1996a4bd7dc4f1df\"},\"code\":200,\"success\":true,\"message\":\"验证码获取成功\",\"timestamp\":1581583403477}', '1', null, null, '101.229.199.185', 'com.t4cloud.t.user.controller.LoginController.getCheckCode()', 'http://127.0.0.1:18080/t4cloud-user/user/login/checkCode', '[]', 'GET', '3', null, '2020-02-13 02:43:23', null, null);
INSERT INTO `sys_log` VALUES ('70e524d867d7ae19ee43e9175d845513', '2', '图片验证码获取', '4', '{\"result\":{\"code\":\"n9uY\",\"key\":\"b02118c6c3f2cc961a750cabc6099bef\"},\"code\":200,\"success\":true,\"message\":\"验证码获取成功\",\"timestamp\":1581583396599}', '1', null, null, '101.229.199.185', 'com.t4cloud.t.user.controller.LoginController.getCheckCode()', 'http://127.0.0.1:18080/t4cloud-user/user/login/checkCode', '[]', 'GET', '3', null, '2020-02-13 02:43:17', null, null);
INSERT INTO `sys_log` VALUES ('731afd007a1edc035557d9ae18ed0318', '2', '图片验证码获取', '4', '{\"result\":{\"code\":\"auXv\",\"key\":\"72b3e7efdd138feada477eeb687066d4\"},\"code\":200,\"success\":true,\"message\":\"验证码获取成功\",\"timestamp\":1581596270033}', '1', null, null, '101.229.199.185', 'com.t4cloud.t.user.controller.LoginController.getCheckCode()', 'http://127.0.0.1:18080/t4cloud-user/user/login/checkCode', '[]', 'GET', '3', null, '2020-02-13 06:17:50', null, null);
INSERT INTO `sys_log` VALUES ('77ad354dfe558c7ea46f5a37703a7d6f', '2', '图片验证码获取', '4', '{\"result\":{\"code\":\"4TLJ\",\"key\":\"49ee92d636a7f5ce5ca435e48c978401\"},\"code\":200,\"success\":true,\"message\":\"验证码获取成功\",\"timestamp\":1581583398396}', '1', null, null, '101.229.199.185', 'com.t4cloud.t.user.controller.LoginController.getCheckCode()', 'http://127.0.0.1:18080/t4cloud-user/user/login/checkCode', '[]', 'GET', '4', null, '2020-02-13 02:43:18', null, null);
INSERT INTO `sys_log` VALUES ('79c5e8a2299ddeaca7ad4075cc84c697', '2', '图片验证码获取', '4', '{\"result\":{\"code\":\"KWNF\",\"key\":\"556b08f8b140f58321dfae15855deed5\"},\"code\":200,\"success\":true,\"message\":\"验证码获取成功\",\"timestamp\":1581583395340}', '1', null, null, '101.229.199.185', 'com.t4cloud.t.user.controller.LoginController.getCheckCode()', 'http://127.0.0.1:18080/t4cloud-user/user/login/checkCode', '[]', 'GET', '3', null, '2020-02-13 02:43:15', null, null);
INSERT INTO `sys_log` VALUES ('7b551976dd0972ceb3838dcda23106d3', '2', '图片验证码获取', '4', '{\"result\":{\"code\":\"8gJi\",\"key\":\"bef8a9092903d249d226d0d2803ef247\"},\"code\":200,\"success\":true,\"message\":\"验证码获取成功\",\"timestamp\":1581608693473}', '1', null, null, '192.168.0.113', 'com.t4cloud.t.user.controller.LoginController.getCheckCode()', 'http://192.168.0.113:18080/user/login/checkCode', '[]', 'GET', '12', null, '2020-02-13 23:44:53', null, null);
INSERT INTO `sys_log` VALUES ('7be52238b6fafe1b96d4b0608c2c559b', '2', '图片验证码获取', '4', '{\"result\":{\"code\":\"4TCA\",\"key\":\"fcaae879bce773718af53453c45d45cc\"},\"code\":200,\"success\":true,\"message\":\"验证码获取成功\",\"timestamp\":1581608695333}', '1', null, null, '192.168.0.113', 'com.t4cloud.t.user.controller.LoginController.getCheckCode()', 'http://192.168.0.113:18080/user/login/checkCode', '[]', 'GET', '11', null, '2020-02-13 23:44:55', null, null);
INSERT INTO `sys_log` VALUES ('7c0024202874984f7ea4f28010f21d14', '2', '账号密码登录', '4', '{\"result\":{\"address\":\"\",\"gender\":1,\"idCard\":\"\",\"avatar\":\"\",\"realname\":\"管理员\",\"token\":\"eyJ0eXAiOiJKV1QiLCJhbGciOiJIUzI1NiJ9.eyJleHAiOjE1ODE2MTA4MTMsInVzZXJuYW1lIjoiYWRtaW4ifQ.2ukelcqw2QGiXPeefm-3KuBkeAr1TXbVbnJw_Z1XvQY\",\"workNo\":\"002\",\"createBy\":\"TeaR\",\"post\":\"\",\"phone\":\"\",\"createTime\":1493731608000,\"updateBy\":\"\",\"email\":\"\",\"username\":\"admin\",\"status\":1},\"code\":200,\"success\":true,\"message\":\"登录成功\",\"timestamp\":1581609013674}', '1', null, null, '112.23.33.125', 'com.t4cloud.t.user.controller.LoginController.loginByPwd()', 'http://139.224.227.28:18080/user/login/loginByPwd', '[{\"codeKey\":\"5fc4777b3aececc63253a07daee7b09f\",\"password\":\"123456\",\"code\":\"vukv\",\"username\":\"admin\"}]', 'POST', '96', null, '2020-02-13 23:50:14', null, null);
INSERT INTO `sys_log` VALUES ('7cc74378b9c9856a84aae91e7a590a4b', '2', '图片验证码获取', '4', '{\"result\":{\"code\":\"tCXU\",\"key\":\"5209a8a48157e8ae4c2feb5d10042650\"},\"code\":200,\"success\":true,\"message\":\"验证码获取成功\",\"timestamp\":1581599844127}', '1', null, null, '192.168.0.113', 'com.t4cloud.t.user.controller.LoginController.getCheckCode()', 'http://192.168.0.113:18080/user/login/checkCode', '[]', 'GET', '15', null, '2020-02-13 21:17:24', null, null);
INSERT INTO `sys_log` VALUES ('7e0d9aef1c70bbd02b0ff0b707ccc9b3', '2', '账号密码登录', '4', '{\"result\":{\"address\":\"\",\"gender\":1,\"idCard\":\"\",\"avatar\":\"\",\"realname\":\"管理员\",\"token\":\"eyJ0eXAiOiJKV1QiLCJhbGciOiJIUzI1NiJ9.eyJleHAiOjE1ODE1OTAyODAsInVzZXJuYW1lIjoiYWRtaW4ifQ.OQOQYrLslZu5OyU3IVIYZ_3xkS2M_LqwHon5_GfliV4\",\"workNo\":\"002\",\"createBy\":\"TeaR\",\"post\":\"\",\"phone\":\"\",\"createTime\":1493778408000,\"updateBy\":\"\",\"email\":\"\",\"username\":\"admin\",\"status\":1},\"code\":200,\"success\":true,\"message\":\"登录成功\",\"timestamp\":1581588480971}', '1', null, null, '112.23.33.125', 'com.t4cloud.t.user.controller.LoginController.loginByPwd()', 'http://127.0.0.1:18080/t4cloud-user/user/login/loginByPwd', '[{\"codeKey\":\"f07598810d1cdddf119a7c0b868f527b\",\"password\":\"123456\",\"code\":\"mymm\",\"username\":\"admin\"}]', 'POST', '87', null, '2020-02-13 04:08:01', null, null);
INSERT INTO `sys_log` VALUES ('7f5ae9d88a733573259bcb4db4ea738a', '2', '账号密码登录', '4', '{\"result\":{\"address\":\"\",\"gender\":1,\"idCard\":\"\",\"avatar\":\"\",\"realname\":\"管理员\",\"token\":\"eyJ0eXAiOiJKV1QiLCJhbGciOiJIUzI1NiJ9.eyJleHAiOjE1ODE2MDkyMTIsInVzZXJuYW1lIjoiYWRtaW4ifQ.RFxtfkCAb_mLkZAUZIRIWsDaKNiF3NkRdy8qgeaMuAc\",\"workNo\":\"002\",\"createBy\":\"TeaR\",\"post\":\"\",\"phone\":\"\",\"createTime\":1493778408000,\"updateBy\":\"\",\"email\":\"\",\"username\":\"admin\",\"status\":1},\"code\":200,\"success\":true,\"message\":\"登录成功\",\"timestamp\":1581607412944}', '1', null, null, '112.23.33.125', 'com.t4cloud.t.user.controller.LoginController.loginByPwd()', 'http://127.0.0.1:18080/t4cloud-user/user/login/loginByPwd', '[{\"codeKey\":\"15c104e10ba0b0cda1dffa3abacb90ab\",\"password\":\"123456\",\"code\":\"fgad\",\"username\":\"admin\"}]', 'POST', '84', null, '2020-02-13 09:23:33', null, null);
INSERT INTO `sys_log` VALUES ('80a6d23a7d9dd356c7f30d6c069da216', '2', '图片验证码获取', '4', '{\"result\":{\"code\":\"iVMl\",\"key\":\"04521585401000d3a0d286aa2a95af1f\"},\"code\":200,\"success\":true,\"message\":\"验证码获取成功\",\"timestamp\":1581598999727}', '1', null, null, '192.168.0.113', 'com.t4cloud.t.user.controller.LoginController.getCheckCode()', 'http://192.168.0.113:18080/user/login/checkCode', '[]', 'GET', '49', null, '2020-02-13 21:03:20', null, null);
INSERT INTO `sys_log` VALUES ('8198001754e1e50397c9e2b53f11ad75', '2', '图片验证码获取', '4', '{\"result\":{\"code\":\"L43k\",\"key\":\"2574cf5824c23daad6dc6a27c9312463\"},\"code\":200,\"success\":true,\"message\":\"验证码获取成功\",\"timestamp\":1581607404197}', '1', null, null, '112.23.33.125', 'com.t4cloud.t.user.controller.LoginController.getCheckCode()', 'http://127.0.0.1:18080/t4cloud-user/user/login/checkCode', '[]', 'GET', '6', null, '2020-02-13 09:23:24', null, null);
INSERT INTO `sys_log` VALUES ('8210321b94d10e3f98bfd4afb79b3016', '2', '图片验证码获取', '4', '{\"result\":{\"code\":\"aEFY\",\"key\":\"e47d43c7ec47a03266bbd86683453b4f\"},\"code\":200,\"success\":true,\"message\":\"验证码获取成功\",\"timestamp\":1581608694296}', '1', null, null, '192.168.0.113', 'com.t4cloud.t.user.controller.LoginController.getCheckCode()', 'http://192.168.0.113:18080/user/login/checkCode', '[]', 'GET', '11', null, '2020-02-13 23:44:54', null, null);
INSERT INTO `sys_log` VALUES ('82c253c7d3964cda686e2b358d400cc8', '2', '图片验证码获取', '4', '{\"result\":{\"code\":\"LjFu\",\"key\":\"b9c2637e47c353f48a6854b93644abee\"},\"code\":200,\"success\":true,\"message\":\"验证码获取成功\",\"timestamp\":1581608442979}', '1', null, null, '192.168.0.113', 'com.t4cloud.t.user.controller.LoginController.getCheckCode()', 'http://192.168.0.113:18080/user/login/checkCode', '[]', 'GET', '12', null, '2020-02-13 23:40:43', null, null);
INSERT INTO `sys_log` VALUES ('846f27dcc4454f7a1ebe4ab664f20082', '2', '图片验证码获取', '4', '{\"result\":{\"code\":\"dljM\",\"key\":\"71834747b461b25946a78fe40828ff5a\"},\"code\":200,\"success\":true,\"message\":\"验证码获取成功\",\"timestamp\":1581600113956}', '1', null, null, '192.168.0.113', 'com.t4cloud.t.user.controller.LoginController.getCheckCode()', 'http://192.168.0.113:18080/user/login/checkCode', '[]', 'GET', '53', null, '2020-02-13 21:21:54', null, null);
INSERT INTO `sys_log` VALUES ('852a6e7b554f63db9775e7924bb43cb9', '2', '图片验证码获取', '4', '{\"result\":{\"code\":\"6HBt\",\"key\":\"e2d250089258816d1b5f8774ee47feb5\"},\"code\":200,\"success\":true,\"message\":\"验证码获取成功\",\"timestamp\":1581583399623}', '1', null, null, '101.229.199.185', 'com.t4cloud.t.user.controller.LoginController.getCheckCode()', 'http://127.0.0.1:18080/t4cloud-user/user/login/checkCode', '[]', 'GET', '3', null, '2020-02-13 02:43:20', null, null);
INSERT INTO `sys_log` VALUES ('855785ebcb2ccbf74af0b5ec7a143f25', '2', '获取用户信息', '4', '{\"result\":{\"salt\":\"RCGTeGiH\",\"address\":\"\",\"gender\":1,\"idCard\":\"\",\"avatar\":\"\",\"realname\":\"管理员\",\"workNo\":\"002\",\"password\":\"cb362cfeefbf3d8d\",\"createBy\":\"TeaR\",\"post\":\"\",\"phone\":\"\",\"createTime\":1493731608000,\"updateBy\":\"\",\"id\":\"14f10842654c1e343ec2447462fc3a8d\",\"email\":\"\",\"username\":\"admin\",\"status\":1},\"code\":200,\"success\":true,\"message\":\"获取用户信息成功！\",\"timestamp\":1581608157110}', '1', '14f10842654c1e343ec2447462fc3a8d', 'admin', '101.229.199.185', 'com.t4cloud.t.user.controller.LoginController.userInfo()', 'http://139.224.227.28:18080/user/login/userInfo', '[]', 'GET', '1', null, '2020-02-13 23:35:57', null, null);
INSERT INTO `sys_log` VALUES ('85d9982c89e66f67fdb8e250cb4424f2', '2', '账号密码登录', '4', '{\"result\":{\"address\":\"\",\"gender\":1,\"idCard\":\"\",\"avatar\":\"\",\"realname\":\"管理员\",\"token\":\"eyJ0eXAiOiJKV1QiLCJhbGciOiJIUzI1NiJ9.eyJleHAiOjE1ODE2MDg1NzAsInVzZXJuYW1lIjoiYWRtaW4ifQ.VBk074wHNuMB6_6TPWNcgkzVWxQUrYWDQ2lazaMDW2I\",\"workNo\":\"002\",\"createBy\":\"TeaR\",\"post\":\"\",\"phone\":\"\",\"createTime\":1493778408000,\"updateBy\":\"\",\"email\":\"\",\"username\":\"admin\",\"status\":1},\"code\":200,\"success\":true,\"message\":\"登录成功\",\"timestamp\":1581606770411}', '1', null, null, '112.23.33.125', 'com.t4cloud.t.user.controller.LoginController.loginByPwd()', 'http://127.0.0.1:18080/t4cloud-user/user/login/loginByPwd', '[{\"codeKey\":\"bf18a06b50bf615e63435ea1b609b722\",\"password\":\"123456\",\"code\":\"rbdh\",\"username\":\"admin\"}]', 'POST', '88', null, '2020-02-13 09:12:50', null, null);
INSERT INTO `sys_log` VALUES ('863079a779b9e253ddfcfe2dbfa1a6c9', '2', '图片验证码获取', '4', '{\"result\":{\"code\":\"Rbdh\",\"key\":\"bf18a06b50bf615e63435ea1b609b722\"},\"code\":200,\"success\":true,\"message\":\"验证码获取成功\",\"timestamp\":1581606766389}', '1', null, null, '112.23.33.125', 'com.t4cloud.t.user.controller.LoginController.getCheckCode()', 'http://127.0.0.1:18080/t4cloud-user/user/login/checkCode', '[]', 'GET', '5', null, '2020-02-13 09:12:46', null, null);
INSERT INTO `sys_log` VALUES ('86e6c99882a77836396a63d665f0091d', '2', '图片验证码获取', '4', '{\"result\":{\"code\":\"myMM\",\"key\":\"f07598810d1cdddf119a7c0b868f527b\"},\"code\":200,\"success\":true,\"message\":\"验证码获取成功\",\"timestamp\":1581588477781}', '1', null, null, '112.23.33.125', 'com.t4cloud.t.user.controller.LoginController.getCheckCode()', 'http://127.0.0.1:18080/t4cloud-user/user/login/checkCode', '[]', 'GET', '3', null, '2020-02-13 04:07:58', null, null);
INSERT INTO `sys_log` VALUES ('8aca458bf5f2a001685adcbd5bda1b32', '2', '账号密码登录', '4', '{\"result\":{\"address\":\"\",\"gender\":1,\"idCard\":\"\",\"avatar\":\"\",\"realname\":\"管理员\",\"token\":\"eyJ0eXAiOiJKV1QiLCJhbGciOiJIUzI1NiJ9.eyJleHAiOjE1ODE1ODU1NDgsInVzZXJuYW1lIjoiYWRtaW4ifQ.Jl2C-FGAo41xOywbDrpLcOYN9CWBQEIXVTNK3uthONU\",\"workNo\":\"002\",\"createBy\":\"TeaR\",\"post\":\"\",\"phone\":\"\",\"createTime\":1493778408000,\"updateBy\":\"\",\"email\":\"\",\"username\":\"admin\",\"status\":1},\"code\":200,\"success\":true,\"message\":\"登录成功\",\"timestamp\":1581583748163}', '1', null, null, '112.23.33.125', 'com.t4cloud.t.user.controller.LoginController.loginByPwd()', 'http://127.0.0.1:18080/t4cloud-user/user/login/loginByPwd', '[{\"codeKey\":\"36bac6072babb7eb6f370066c37e6f79\",\"password\":\"123456\",\"code\":\"unlu\",\"username\":\"admin\"}]', 'POST', '93', null, '2020-02-13 02:49:08', null, null);
INSERT INTO `sys_log` VALUES ('8b57ec2b43244f587fe5c0b47ff54115', '2', '账号密码登录', '4', '{\"code\":500,\"success\":false,\"message\":\"用户名或密码错误，请重试\",\"timestamp\":1581605394410}', '1', null, null, '112.23.33.125', 'com.t4cloud.t.user.controller.LoginController.loginByPwd()', 'http://127.0.0.1:18080/t4cloud-user/user/login/loginByPwd', '[{\"codeKey\":\"342a79e1a0ca4cc4aba51db7b9e873c3\",\"password\":\"admin\",\"code\":\"gyj2\",\"username\":\"admin\"}]', 'POST', '72', null, '2020-02-13 08:49:54', null, null);
INSERT INTO `sys_log` VALUES ('8c547376c7a56bfaa4f0c695502d17e5', '2', '图片验证码获取', '4', '{\"result\":{\"code\":\"rUez\",\"key\":\"eef51a3c7331f96ffad52b911b278c93\"},\"code\":200,\"success\":true,\"message\":\"验证码获取成功\",\"timestamp\":1581608692474}', '1', null, null, '192.168.0.113', 'com.t4cloud.t.user.controller.LoginController.getCheckCode()', 'http://192.168.0.113:18080/user/login/checkCode', '[]', 'GET', '12', null, '2020-02-13 23:44:52', null, null);
INSERT INTO `sys_log` VALUES ('8c8d32a39d931e683798fb09f7ee9e1f', '2', '图片验证码获取', '4', '{\"result\":{\"code\":\"16Gy\",\"key\":\"75407a3ebb33d38a8d1427b7bc443821\"},\"code\":200,\"success\":true,\"message\":\"验证码获取成功\",\"timestamp\":1581586937943}', '1', null, null, '101.229.199.185', 'com.t4cloud.t.user.controller.LoginController.getCheckCode()', 'http://127.0.0.1:18080/t4cloud-user/user/login/checkCode', '[]', 'GET', '4', null, '2020-02-13 03:42:18', null, null);
INSERT INTO `sys_log` VALUES ('8e0572b41d4cd3b5d629ce1b1d2a29b4', '2', '图片验证码获取', '4', '{\"result\":{\"code\":\"CFSN\",\"key\":\"37080fb0d90a83a14699153a06d24ca0\"},\"code\":200,\"success\":true,\"message\":\"验证码获取成功\",\"timestamp\":1581608728091}', '1', null, null, '112.23.33.125', 'com.t4cloud.t.user.controller.LoginController.getCheckCode()', 'http://139.224.227.28:18080/user/login/checkCode', '[]', 'GET', '9', null, '2020-02-13 23:45:28', null, null);
INSERT INTO `sys_log` VALUES ('8eaf4642565ca73afbfb68a640035b97', '2', '图片验证码获取', '4', '{\"result\":{\"code\":\"3M3f\",\"key\":\"c20183a3c0e0e313f653ffa43afa6e3d\"},\"code\":200,\"success\":true,\"message\":\"验证码获取成功\",\"timestamp\":1581583393976}', '1', null, null, '101.229.199.185', 'com.t4cloud.t.user.controller.LoginController.getCheckCode()', 'http://127.0.0.1:18080/t4cloud-user/user/login/checkCode', '[]', 'GET', '4', null, '2020-02-13 02:43:14', null, null);
INSERT INTO `sys_log` VALUES ('8f0959dbe505867d9c2a4f72abf0b4c2', '2', '账号密码登录', '4', '{\"result\":{\"address\":\"\",\"gender\":1,\"idCard\":\"\",\"avatar\":\"\",\"realname\":\"管理员\",\"token\":\"eyJ0eXAiOiJKV1QiLCJhbGciOiJIUzI1NiJ9.eyJleHAiOjE1ODE2MDkxNjIsInVzZXJuYW1lIjoiYWRtaW4ifQ.7U6u0ZxQokoNHswtcws21kOvTK6sHcmyaTAax1SGqKA\",\"workNo\":\"002\",\"createBy\":\"TeaR\",\"post\":\"\",\"phone\":\"\",\"createTime\":1493778408000,\"updateBy\":\"\",\"email\":\"\",\"username\":\"admin\",\"status\":1},\"code\":200,\"success\":true,\"message\":\"登录成功\",\"timestamp\":1581607362368}', '1', null, null, '112.23.33.125', 'com.t4cloud.t.user.controller.LoginController.loginByPwd()', 'http://127.0.0.1:18080/t4cloud-user/user/login/loginByPwd', '[{\"codeKey\":\"6f60b121e74d009b890d4fcfcf4a4e37\",\"password\":\"123456\",\"code\":\"unjj\",\"username\":\"admin\"}]', 'POST', '87', null, '2020-02-13 09:22:42', null, null);
INSERT INTO `sys_log` VALUES ('8f6c5878a4845f6d964e6f44a3d94f85', '2', '图片验证码获取', '4', '{\"result\":{\"code\":\"z9i6\",\"key\":\"2cd3bba3f2c1a070e9f8a731e1f9c237\"},\"code\":200,\"success\":true,\"message\":\"验证码获取成功\",\"timestamp\":1581600378198}', '1', null, null, '192.168.0.113', 'com.t4cloud.t.user.controller.LoginController.getCheckCode()', 'http://192.168.0.113:18080/user/login/checkCode', '[]', 'GET', '9', null, '2020-02-13 21:26:18', null, null);
INSERT INTO `sys_log` VALUES ('92df59f607ed5574d9df62670aa235be', '2', '图片验证码获取', '4', '{\"result\":{\"code\":\"Jd3Q\",\"key\":\"3f3b463b854ce06a965dbde0061c0f61\"},\"code\":200,\"success\":true,\"message\":\"验证码获取成功\",\"timestamp\":1581583397730}', '1', null, null, '101.229.199.185', 'com.t4cloud.t.user.controller.LoginController.getCheckCode()', 'http://127.0.0.1:18080/t4cloud-user/user/login/checkCode', '[]', 'GET', '3', null, '2020-02-13 02:43:18', null, null);
INSERT INTO `sys_log` VALUES ('937d187e1dff30ccbe450fdd26511637', '2', '图片验证码获取', '4', '{\"result\":{\"code\":\"XvnG\",\"key\":\"a588d46e276bd968dd7eb711551d19f1\"},\"code\":200,\"success\":true,\"message\":\"验证码获取成功\",\"timestamp\":1581605263575}', '1', null, null, '112.23.33.125', 'com.t4cloud.t.user.controller.LoginController.getCheckCode()', 'http://127.0.0.1:18080/t4cloud-user/user/login/checkCode', '[]', 'GET', '5', null, '2020-02-13 08:47:44', null, null);
INSERT INTO `sys_log` VALUES ('94545cae9365af6bab13d8c2d87428c7', '2', '图片验证码获取', '4', '{\"result\":{\"code\":\"CiaH\",\"key\":\"7b3e9d9fe39c19bf0f248c7aeb729c66\"},\"code\":200,\"success\":true,\"message\":\"验证码获取成功\",\"timestamp\":1581599361857}', '1', null, null, '192.168.0.113', 'com.t4cloud.t.user.controller.LoginController.getCheckCode()', 'http://192.168.0.113:18080/user/login/checkCode', '[]', 'GET', '50', null, '2020-02-13 21:09:22', null, null);
INSERT INTO `sys_log` VALUES ('948350cec1aa85bcc96244b78d626992', '2', '图片验证码获取', '4', '{\"result\":{\"code\":\"PR31\",\"key\":\"607ebc19ca1818b5c6f8d21e80f82463\"},\"code\":200,\"success\":true,\"message\":\"验证码获取成功\",\"timestamp\":1581605002847}', '1', null, null, '112.23.33.125', 'com.t4cloud.t.user.controller.LoginController.getCheckCode()', 'http://127.0.0.1:18080/t4cloud-user/user/login/checkCode', '[]', 'GET', '7', null, '2020-02-13 08:43:23', null, null);
INSERT INTO `sys_log` VALUES ('94c03a001fa33165ba57983bf6a0a1db', '2', '账号密码登录', '4', '{\"result\":{\"address\":\"\",\"gender\":1,\"idCard\":\"\",\"avatar\":\"\",\"realname\":\"管理员\",\"token\":\"eyJ0eXAiOiJKV1QiLCJhbGciOiJIUzI1NiJ9.eyJleHAiOjE1ODE2MDk2ODUsInVzZXJuYW1lIjoiYWRtaW4ifQ.9qleZBYVeRAAC_rnhG2M4qzg26NrT06Xk67oAydcuzg\",\"workNo\":\"002\",\"createBy\":\"TeaR\",\"post\":\"\",\"phone\":\"\",\"createTime\":1493778408000,\"updateBy\":\"\",\"email\":\"\",\"username\":\"admin\",\"status\":1},\"code\":200,\"success\":true,\"message\":\"登录成功\",\"timestamp\":1581607885100}', '1', null, null, '101.229.199.185', 'com.t4cloud.t.user.controller.LoginController.loginByPwd()', 'http://127.0.0.1:18080/t4cloud-user/user/login/loginByPwd', '[{\"codeKey\":\"\",\"password\":\"123456\",\"code\":\"\",\"username\":\"admin\"}]', 'POST', '97', null, '2020-02-13 09:31:25', null, null);
INSERT INTO `sys_log` VALUES ('96ea2f4e1dc4da11504077ab15932007', '2', '图片验证码获取', '4', '{\"result\":{\"code\":\"TA6b\",\"key\":\"a25714dd12681d392ec81efc1f301b1e\"},\"code\":200,\"success\":true,\"message\":\"验证码获取成功\",\"timestamp\":1581601776780}', '1', null, null, '192.168.0.113', 'com.t4cloud.t.user.controller.LoginController.getCheckCode()', 'http://192.168.0.113:18080/user/login/checkCode', '[]', 'GET', '10', null, '2020-02-13 21:49:37', null, null);
INSERT INTO `sys_log` VALUES ('991063be8c3378a22b587834b6dea197', '2', '图片验证码获取', '4', '{\"result\":{\"code\":\"uZYa\",\"key\":\"bba212bd7ec4cd8552591373d545f074\"},\"code\":200,\"success\":true,\"message\":\"验证码获取成功\",\"timestamp\":1581604787977}', '1', null, null, '112.23.33.125', 'com.t4cloud.t.user.controller.LoginController.getCheckCode()', 'http://127.0.0.1:18080/t4cloud-user/user/login/checkCode', '[]', 'GET', '5', null, '2020-02-13 08:39:48', null, null);
INSERT INTO `sys_log` VALUES ('993dc8edd02935eb69d02af513fcc7fc', '2', '账号密码登录', '4', '{\"result\":{\"address\":\"\",\"gender\":1,\"idCard\":\"\",\"avatar\":\"\",\"realname\":\"管理员\",\"token\":\"eyJ0eXAiOiJKV1QiLCJhbGciOiJIUzI1NiJ9.eyJleHAiOjE1ODE2MDk1ODMsInVzZXJuYW1lIjoiYWRtaW4ifQ.50LzpwfXNk3R_P2A1zF_-2bNHs8poz_B0aWoXSUAjpc\",\"workNo\":\"002\",\"createBy\":\"TeaR\",\"post\":\"\",\"phone\":\"\",\"createTime\":1493778408000,\"updateBy\":\"\",\"email\":\"\",\"username\":\"admin\",\"status\":1},\"code\":200,\"success\":true,\"message\":\"登录成功\",\"timestamp\":1581607783875}', '1', null, null, '112.23.33.125', 'com.t4cloud.t.user.controller.LoginController.loginByPwd()', 'http://127.0.0.1:18080/t4cloud-user/user/login/loginByPwd', '[{\"codeKey\":\"65270236995a3b0d2aa018fe9e78f552\",\"password\":\"123456\",\"code\":\"hsl9\",\"username\":\"admin\"}]', 'POST', '84', null, '2020-02-13 09:29:44', null, null);
INSERT INTO `sys_log` VALUES ('999ac936f18fca3316f5d2213d9eb240', '2', '图片验证码获取', '4', '{\"result\":{\"code\":\"ZAqy\",\"key\":\"848fdc80426bbcd6af873a5688efc588\"},\"code\":200,\"success\":true,\"message\":\"验证码获取成功\",\"timestamp\":1581652298994}', '1', null, null, '101.229.199.185,127.0.0.1', 'com.t4cloud.t.user.controller.LoginController.getCheckCode()', 'http://172.19.186.110:18080/user/login/checkCode', '[]', 'GET', '15', null, '2020-02-14 11:51:39', null, null);
INSERT INTO `sys_log` VALUES ('9c0988acd0608a37ee86fc3a082c1e70', '2', '图片验证码获取', '4', '{\"result\":{\"code\":\"MZM9\",\"key\":\"aa6ea3fa4e8aa2b90380b3d8c3e8e45d\"},\"code\":200,\"success\":true,\"message\":\"验证码获取成功\",\"timestamp\":1581608693730}', '1', null, null, '192.168.0.113', 'com.t4cloud.t.user.controller.LoginController.getCheckCode()', 'http://192.168.0.113:18080/user/login/checkCode', '[]', 'GET', '12', null, '2020-02-13 23:44:54', null, null);
INSERT INTO `sys_log` VALUES ('9c4993d8c205296e50a667bc0a22456d', '2', '账号密码登录', '4', '{\"code\":500,\"success\":false,\"message\":\"用户名或密码错误，请重试\",\"timestamp\":1581605625157}', '1', null, null, '112.23.33.125', 'com.t4cloud.t.user.controller.LoginController.loginByPwd()', 'http://127.0.0.1:18080/t4cloud-user/user/login/loginByPwd', '[{\"codeKey\":\"475259836a4773a98f930cd37335625a\",\"password\":\"admin\",\"code\":\"6kfb\",\"username\":\"admin\"}]', 'POST', '73', null, '2020-02-13 08:53:45', null, null);
INSERT INTO `sys_log` VALUES ('9c9b6e8f37cad6ba32303017173f21c0', '2', '图片验证码获取', '4', '{\"result\":{\"code\":\"FzCZ\",\"key\":\"a20d76226ac20e8f3fb7c323ee9dc6bd\"},\"code\":200,\"success\":true,\"message\":\"验证码获取成功\",\"timestamp\":1581606665569}', '1', null, null, '192.168.0.113', 'com.t4cloud.t.user.controller.LoginController.getCheckCode()', 'http://192.168.0.113:18080/user/login/checkCode', '[]', 'GET', '13', null, '2020-02-13 23:11:06', null, null);
INSERT INTO `sys_log` VALUES ('9ccd06f02b67080a93de6538402f9943', '2', '图片验证码获取', '4', '{\"result\":{\"code\":\"MSEw\",\"key\":\"a082e634d27446945398750445b0c634\"},\"code\":200,\"success\":true,\"message\":\"验证码获取成功\",\"timestamp\":1581599263517}', '1', null, null, '192.168.0.113', 'com.t4cloud.t.user.controller.LoginController.getCheckCode()', 'http://192.168.0.113:18080/user/login/checkCode', '[]', 'GET', '49', null, '2020-02-13 21:07:44', null, null);
INSERT INTO `sys_log` VALUES ('9dafa5e7150de942db6bc0778280f103', '2', '图片验证码获取', '4', '{\"result\":{\"code\":\"bpJ1\",\"key\":\"1944ed982dea33acfe9a2761462d990a\"},\"code\":200,\"success\":true,\"message\":\"验证码获取成功\",\"timestamp\":1581610222547}', '1', null, null, '192.168.0.113', 'com.t4cloud.t.user.controller.LoginController.getCheckCode()', 'http://192.168.0.113:18080/user/login/checkCode', '[]', 'GET', '12', null, '2020-02-14 00:10:23', null, null);
INSERT INTO `sys_log` VALUES ('9e04bece73708aee3282009675f3d13c', '2', '图片验证码获取', '4', '{\"result\":{\"code\":\"Z4mt\",\"key\":\"e36a8c9241612ff66fe75e2859bec718\"},\"code\":200,\"success\":true,\"message\":\"验证码获取成功\",\"timestamp\":1581604572962}', '1', null, null, '101.229.199.185', 'com.t4cloud.t.user.controller.LoginController.getCheckCode()', 'http://127.0.0.1:18080/t4cloud-user/user/login/checkCode', '[]', 'GET', '5', null, '2020-02-13 08:36:13', null, null);
INSERT INTO `sys_log` VALUES ('9f8e59cdf133736e0d19209f97fbc7af', '2', '图片验证码获取', '4', '{\"result\":{\"code\":\"RLhz\",\"key\":\"1acc94cd0eb4ff95aad1b12a766c5056\"},\"code\":200,\"success\":true,\"message\":\"验证码获取成功\",\"timestamp\":1581601146924}', '1', null, null, '192.168.0.113', 'com.t4cloud.t.user.controller.LoginController.getCheckCode()', 'http://192.168.0.113:18080/user/login/checkCode', '[]', 'GET', '10', null, '2020-02-13 21:39:07', null, null);
INSERT INTO `sys_log` VALUES ('a04416bb88db9640a02c41ac9c517c00', '2', '图片验证码获取', '4', '{\"result\":{\"code\":\"3Jnq\",\"key\":\"f74e5b74287a030e8c4e5c90ce97a5db\"},\"code\":200,\"success\":true,\"message\":\"验证码获取成功\",\"timestamp\":1581608695134}', '1', null, null, '192.168.0.113', 'com.t4cloud.t.user.controller.LoginController.getCheckCode()', 'http://192.168.0.113:18080/user/login/checkCode', '[]', 'GET', '11', null, '2020-02-13 23:44:55', null, null);
INSERT INTO `sys_log` VALUES ('a056691ec4f0cf9ccd2ebb83bfaeea17', '2', '图片验证码获取', '4', '{\"result\":{\"code\":\"vS3s\",\"key\":\"4142351b49aaac483d1d1733d1163df9\"},\"code\":200,\"success\":true,\"message\":\"验证码获取成功\",\"timestamp\":1581601037733}', '1', null, null, '192.168.0.113', 'com.t4cloud.t.user.controller.LoginController.getCheckCode()', 'http://192.168.0.113:18080/user/login/checkCode', '[]', 'GET', '10', null, '2020-02-13 21:37:18', null, null);
INSERT INTO `sys_log` VALUES ('a06f78750a6f9e9d88359a5eb8468353', '2', '图片验证码获取', '4', '{\"result\":{\"code\":\"hzEl\",\"key\":\"c15c036ebfc07d63c1ffefefd71573be\"},\"code\":200,\"success\":true,\"message\":\"验证码获取成功\",\"timestamp\":1581603677555}', '1', null, null, '192.168.0.113', 'com.t4cloud.t.user.controller.LoginController.getCheckCode()', 'http://192.168.0.113:18080/user/login/checkCode', '[]', 'GET', '10', null, '2020-02-13 22:21:18', null, null);
INSERT INTO `sys_log` VALUES ('a1366d88a799ba437ad28a02af38ec40', '2', '图片验证码获取', '4', '{\"result\":{\"code\":\"FcP4\",\"key\":\"7b5d1b7feef52dc037b8bdba2da95747\"},\"code\":200,\"success\":true,\"message\":\"验证码获取成功\",\"timestamp\":1581605605429}', '1', null, null, '192.168.0.113', 'com.t4cloud.t.user.controller.LoginController.getCheckCode()', 'http://192.168.0.113:18080/user/login/checkCode', '[]', 'GET', '10', null, '2020-02-13 22:53:25', null, null);
INSERT INTO `sys_log` VALUES ('a268a467005acd954f6ecf6773ebe15b', '2', '图片验证码获取', '4', '{\"result\":{\"code\":\"pPsb\",\"key\":\"caff15b7d0d1f4704692154b026edddb\"},\"code\":200,\"success\":true,\"message\":\"验证码获取成功\",\"timestamp\":1581583381856}', '1', null, null, '101.229.199.185', 'com.t4cloud.t.user.controller.LoginController.getCheckCode()', 'http://127.0.0.1:18080/t4cloud-user/user/login/checkCode', '[]', 'GET', '4', null, '2020-02-13 02:43:02', null, null);
INSERT INTO `sys_log` VALUES ('a28728fb8982543427e4fac3ef363361', '2', '账号密码登录', '4', '{\"result\":{\"address\":\"\",\"gender\":1,\"idCard\":\"\",\"avatar\":\"\",\"realname\":\"管理员\",\"token\":\"eyJ0eXAiOiJKV1QiLCJhbGciOiJIUzI1NiJ9.eyJleHAiOjE1ODE2MDk2NDksInVzZXJuYW1lIjoiYWRtaW4ifQ.PFdYx112qIe1cQ3R0_8ax5KhQWEusSujcVgBAui-_9s\",\"workNo\":\"002\",\"createBy\":\"TeaR\",\"post\":\"\",\"phone\":\"\",\"createTime\":1493778408000,\"updateBy\":\"\",\"email\":\"\",\"username\":\"admin\",\"status\":1},\"code\":200,\"success\":true,\"message\":\"登录成功\",\"timestamp\":1581607849031}', '1', null, null, '101.229.199.185', 'com.t4cloud.t.user.controller.LoginController.loginByPwd()', 'http://127.0.0.1:18080/t4cloud-user/user/login/loginByPwd', '[{\"codeKey\":\"\",\"password\":\"123456\",\"code\":\"\",\"username\":\"admin\"}]', 'POST', '91', null, '2020-02-13 09:30:49', null, null);
INSERT INTO `sys_log` VALUES ('a3a0c29ce25c51a12e1812edb89a1423', '2', '图片验证码获取', '4', '{\"result\":{\"code\":\"qYsb\",\"key\":\"403a219266d38696b05438a3de82ca8c\"},\"code\":200,\"success\":true,\"message\":\"验证码获取成功\",\"timestamp\":1581601323214}', '1', null, null, '192.168.0.113', 'com.t4cloud.t.user.controller.LoginController.getCheckCode()', 'http://192.168.0.113:18080/user/login/checkCode', '[]', 'GET', '10', null, '2020-02-13 21:42:03', null, null);
INSERT INTO `sys_log` VALUES ('a4aaefa2e2fddbd010bead91bbf4efbe', '2', '图片验证码获取', '4', '{\"result\":{\"code\":\"JRmk\",\"key\":\"597d4f38476b9de57d196a9a79130993\"},\"code\":200,\"success\":true,\"message\":\"验证码获取成功\",\"timestamp\":1581608685678}', '1', null, null, '192.168.0.113', 'com.t4cloud.t.user.controller.LoginController.getCheckCode()', 'http://192.168.0.113:18080/user/login/checkCode', '[]', 'GET', '12', null, '2020-02-13 23:44:46', null, null);
INSERT INTO `sys_log` VALUES ('a563211ae047991b5154c1feb53807af', '2', '图片验证码获取', '4', '{\"result\":{\"code\":\"csD8\",\"key\":\"55b5f1145f9235488117229328c26312\"},\"code\":200,\"success\":true,\"message\":\"验证码获取成功\",\"timestamp\":1581599363269}', '1', null, null, '192.168.0.113', 'com.t4cloud.t.user.controller.LoginController.getCheckCode()', 'http://192.168.0.113:18080/user/login/checkCode', '[]', 'GET', '13', null, '2020-02-13 21:09:23', null, null);
INSERT INTO `sys_log` VALUES ('a5e47ef7389e4ae4b12885443b4951b3', '2', '图片验证码获取', '4', '{\"result\":{\"code\":\"zw8e\",\"key\":\"0145fcd90f025bd65f2cafd3065eb12f\"},\"code\":200,\"success\":true,\"message\":\"验证码获取成功\",\"timestamp\":1581605248582}', '1', null, null, '112.23.33.125', 'com.t4cloud.t.user.controller.LoginController.getCheckCode()', 'http://127.0.0.1:18080/t4cloud-user/user/login/checkCode', '[]', 'GET', '5', null, '2020-02-13 08:47:29', null, null);
INSERT INTO `sys_log` VALUES ('a64967d96f97a71f959dd3ff0f326685', '2', '图片验证码获取', '4', '{\"result\":{\"code\":\"F2e2\",\"key\":\"95dd51dda87a4c9efad904fde3650f8d\"},\"code\":200,\"success\":true,\"message\":\"验证码获取成功\",\"timestamp\":1581604984180}', '1', null, null, '112.23.33.125', 'com.t4cloud.t.user.controller.LoginController.getCheckCode()', 'http://127.0.0.1:18080/t4cloud-user/user/login/checkCode', '[]', 'GET', '6', null, '2020-02-13 08:43:04', null, null);
INSERT INTO `sys_log` VALUES ('a6f65ab87cf955b6d66282b76c88536d', '2', '图片验证码获取', '4', '{\"result\":{\"code\":\"u3zR\",\"key\":\"4f5c85a910cedf5d13d3c28c5696c277\"},\"code\":200,\"success\":true,\"message\":\"验证码获取成功\",\"timestamp\":1581651341304}', '1', null, null, '101.229.199.185', 'com.t4cloud.t.user.controller.LoginController.getCheckCode()', 'http://172.19.186.110:18080/user/login/checkCode', '[]', 'GET', '717', null, '2020-02-14 11:35:41', null, null);
INSERT INTO `sys_log` VALUES ('a8dab7d6722f1c5eb8b93f3691da27bd', '2', '图片验证码获取', '4', '{\"result\":{\"code\":\"7f8e\",\"key\":\"f28c20ffc36d1d78e8d03fe0ec6f1f39\"},\"code\":200,\"success\":true,\"message\":\"验证码获取成功\",\"timestamp\":1581607665319}', '1', null, null, '112.23.33.125', 'com.t4cloud.t.user.controller.LoginController.getCheckCode()', 'http://127.0.0.1:18080/t4cloud-user/user/login/checkCode', '[]', 'GET', '7', null, '2020-02-13 09:27:45', null, null);
INSERT INTO `sys_log` VALUES ('aa444eed1457620437573f460b0acb78', '2', '图片验证码获取', '4', '{\"result\":{\"code\":\"Nzqd\",\"key\":\"598257d9c4dacfc7842717b14859dac3\"},\"code\":200,\"success\":true,\"message\":\"验证码获取成功\",\"timestamp\":1581599265081}', '1', null, null, '192.168.0.113', 'com.t4cloud.t.user.controller.LoginController.getCheckCode()', 'http://192.168.0.113:18080/user/login/checkCode', '[]', 'GET', '11', null, '2020-02-13 21:07:45', null, null);
INSERT INTO `sys_log` VALUES ('ac21edc8b7c170fd276bfa1e59791a2f', '2', '账号密码登录', '4', '{\"result\":{\"address\":\"\",\"gender\":1,\"idCard\":\"\",\"avatar\":\"\",\"realname\":\"管理员\",\"token\":\"eyJ0eXAiOiJKV1QiLCJhbGciOiJIUzI1NiJ9.eyJleHAiOjE1ODE1OTE0MTksInVzZXJuYW1lIjoiYWRtaW4ifQ.OQDQI5_r1g_XoOm73XvHsCTbp218mB58Hjt3gQOmhaU\",\"workNo\":\"002\",\"createBy\":\"TeaR\",\"post\":\"\",\"phone\":\"\",\"createTime\":1493778408000,\"updateBy\":\"\",\"email\":\"\",\"username\":\"admin\",\"status\":1},\"code\":200,\"success\":true,\"message\":\"登录成功\",\"timestamp\":1581589619747}', '1', null, null, '112.23.33.125', 'com.t4cloud.t.user.controller.LoginController.loginByPwd()', 'http://127.0.0.1:18080/t4cloud-user/user/login/loginByPwd', '[{\"codeKey\":\"e5950fc060bd47cb559fed5ea84d813d\",\"password\":\"123456\",\"code\":\"mhxa\",\"username\":\"admin\"}]', 'POST', '76', null, '2020-02-13 04:27:00', null, null);
INSERT INTO `sys_log` VALUES ('acf7b2bf797c2f2af0c6179d7069a3e2', '2', '图片验证码获取', '4', '{\"result\":{\"code\":\"iNE7\",\"key\":\"89b53c4eb4123a11c0009f6ef65e3d63\"},\"code\":200,\"success\":true,\"message\":\"验证码获取成功\",\"timestamp\":1581582436722}', '1', null, null, '112.23.33.125', 'com.t4cloud.t.user.controller.LoginController.getCheckCode()', 'http://127.0.0.1:18080/t4cloud-user/user/login/checkCode', '[]', 'GET', '4', null, '2020-02-13 02:27:17', null, null);
INSERT INTO `sys_log` VALUES ('acff7e2ceecaba563811e464fec340b0', '2', '图片验证码获取', '4', '{\"result\":{\"code\":\"dYmM\",\"key\":\"4f58710774add2aa48067945cdd463a9\"},\"code\":200,\"success\":true,\"message\":\"验证码获取成功\",\"timestamp\":1581609207485}', '1', null, null, '112.23.33.125', 'com.t4cloud.t.user.controller.LoginController.getCheckCode()', 'http://139.224.227.28:18080/user/login/checkCode', '[]', 'GET', '5', null, '2020-02-13 23:53:27', null, null);
INSERT INTO `sys_log` VALUES ('ad3bb3ba4e1c35bc40e5d1f8f8a355f4', '2', '图片验证码获取', '4', '{\"result\":{\"code\":\"VukV\",\"key\":\"5fc4777b3aececc63253a07daee7b09f\"},\"code\":200,\"success\":true,\"message\":\"验证码获取成功\",\"timestamp\":1581609011819}', '1', null, null, '112.23.33.125', 'com.t4cloud.t.user.controller.LoginController.getCheckCode()', 'http://139.224.227.28:18080/user/login/checkCode', '[]', 'GET', '11', null, '2020-02-13 23:50:12', null, null);
INSERT INTO `sys_log` VALUES ('ada53f79026b22112864e1a8118e519c', '2', '图片验证码获取', '4', '{\"result\":{\"code\":\"pKhc\",\"key\":\"65cb7af3c7c9249128592f02b625699a\"},\"code\":200,\"success\":true,\"message\":\"验证码获取成功\",\"timestamp\":1581584393218}', '1', null, null, '112.23.33.125', 'com.t4cloud.t.user.controller.LoginController.getCheckCode()', 'http://127.0.0.1:18080/t4cloud-user/user/login/checkCode', '[]', 'GET', '4', null, '2020-02-13 02:59:53', null, null);
INSERT INTO `sys_log` VALUES ('add86e539c7c1af65649d4f06d644022', '2', '图片验证码获取', '4', '{\"result\":{\"code\":\"rPvR\",\"key\":\"eec096052693e3fdbe200bf5bc7a4039\"},\"code\":200,\"success\":true,\"message\":\"验证码获取成功\",\"timestamp\":1581588795757}', '1', null, null, '112.23.33.125', 'com.t4cloud.t.user.controller.LoginController.getCheckCode()', 'http://127.0.0.1:18080/t4cloud-user/user/login/checkCode', '[]', 'GET', '3', null, '2020-02-13 04:13:16', null, null);
INSERT INTO `sys_log` VALUES ('adf6049e91920878501457631fe282c7', '2', '图片验证码获取', '4', '{\"result\":{\"code\":\"vMAc\",\"key\":\"ceb82dc68df50a8e50676afde6fdf4d0\"},\"code\":200,\"success\":true,\"message\":\"验证码获取成功\",\"timestamp\":1581610226458}', '1', null, null, '192.168.0.113', 'com.t4cloud.t.user.controller.LoginController.getCheckCode()', 'http://192.168.0.113:18080/user/login/checkCode', '[]', 'GET', '11', null, '2020-02-14 00:10:26', null, null);
INSERT INTO `sys_log` VALUES ('ae3acbfe9e1b33dd07dd34b554cddb23', '2', '图片验证码获取', '4', '{\"result\":{\"code\":\"NCN6\",\"key\":\"5eafa8f085a2277088e9fcb8d2a7aee2\"},\"code\":200,\"success\":true,\"message\":\"验证码获取成功\",\"timestamp\":1581599019889}', '1', null, null, '192.168.0.113', 'com.t4cloud.t.user.controller.LoginController.getCheckCode()', 'http://192.168.0.113:18080/user/login/checkCode', '[]', 'GET', '12', null, '2020-02-13 21:03:40', null, null);
INSERT INTO `sys_log` VALUES ('b16e27f4cf1881964ee052c7b475641e', '2', '图片验证码获取', '4', '{\"result\":{\"code\":\"wmay\",\"key\":\"3f4f614ed582abbb2146af6b40f0aa1f\"},\"code\":200,\"success\":true,\"message\":\"验证码获取成功\",\"timestamp\":1581649638156}', '1', null, null, '192.168.0.113', 'com.t4cloud.t.user.controller.LoginController.getCheckCode()', 'http://192.168.0.113:18080/user/login/checkCode', '[]', 'GET', '12', null, '2020-02-14 11:07:18', null, null);
INSERT INTO `sys_log` VALUES ('b1f304d65495b40e910b179aaeb76e33', '2', '图片验证码获取', '4', '{\"result\":{\"code\":\"VubU\",\"key\":\"1bd0a40d1ef0c0629cc0a292e4286c16\"},\"code\":200,\"success\":true,\"message\":\"验证码获取成功\",\"timestamp\":1581604573605}', '1', null, null, '101.229.199.185', 'com.t4cloud.t.user.controller.LoginController.getCheckCode()', 'http://127.0.0.1:18080/t4cloud-user/user/login/checkCode', '[]', 'GET', '6', null, '2020-02-13 08:36:14', null, null);
INSERT INTO `sys_log` VALUES ('b31749a7333b5bc19914362b92cba182', '2', '图片验证码获取', '4', '{\"result\":{\"code\":\"uBLj\",\"key\":\"36fabc0b6ffe124d8ea70e88023786be\"},\"code\":200,\"success\":true,\"message\":\"验证码获取成功\",\"timestamp\":1581605291255}', '1', null, null, '112.23.33.125', 'com.t4cloud.t.user.controller.LoginController.getCheckCode()', 'http://127.0.0.1:18080/t4cloud-user/user/login/checkCode', '[]', 'GET', '4', null, '2020-02-13 08:48:11', null, null);
INSERT INTO `sys_log` VALUES ('b3cb1ffe77e98e3b257f534e92193ee7', '2', '图片验证码获取', '4', '{\"result\":{\"code\":\"6KFb\",\"key\":\"475259836a4773a98f930cd37335625a\"},\"code\":200,\"success\":true,\"message\":\"验证码获取成功\",\"timestamp\":1581605573954}', '1', null, null, '112.23.33.125', 'com.t4cloud.t.user.controller.LoginController.getCheckCode()', 'http://127.0.0.1:18080/t4cloud-user/user/login/checkCode', '[]', 'GET', '9', null, '2020-02-13 08:52:54', null, null);
INSERT INTO `sys_log` VALUES ('b467b7a810971662227a20b81fd55c6b', '2', '图片验证码获取', '4', '{\"result\":{\"code\":\"AWVi\",\"key\":\"cd94e2515200028e0f378d80e89d439d\"},\"code\":200,\"success\":true,\"message\":\"验证码获取成功\",\"timestamp\":1581605188658}', '1', null, null, '112.23.33.125', 'com.t4cloud.t.user.controller.LoginController.getCheckCode()', 'http://127.0.0.1:18080/t4cloud-user/user/login/checkCode', '[]', 'GET', '8', null, '2020-02-13 08:46:29', null, null);
INSERT INTO `sys_log` VALUES ('b4eb07003429f046b15fd0c327be7297', '2', '账号密码登录', '4', '{\"result\":{\"address\":\"\",\"gender\":1,\"idCard\":\"\",\"avatar\":\"\",\"realname\":\"管理员\",\"token\":\"eyJ0eXAiOiJKV1QiLCJhbGciOiJIUzI1NiJ9.eyJleHAiOjE1ODE2MDk5NDcsInVzZXJuYW1lIjoiYWRtaW4ifQ.rprfXp4-oJcA85EkmGPJ75DcXQlnzvREfs-HVa15QBQ\",\"workNo\":\"002\",\"createBy\":\"TeaR\",\"post\":\"\",\"phone\":\"\",\"createTime\":1493731608000,\"updateBy\":\"\",\"email\":\"\",\"username\":\"admin\",\"status\":1},\"code\":200,\"success\":true,\"message\":\"登录成功\",\"timestamp\":1581608148006}', '1', null, null, '101.229.199.185', 'com.t4cloud.t.user.controller.LoginController.loginByPwd()', 'http://139.224.227.28:18080/user/login/loginByPwd', '[{\"codeKey\":\"\",\"password\":\"123456\",\"code\":\"\",\"username\":\"admin\"}]', 'POST', '1415', null, '2020-02-13 23:35:48', null, null);
INSERT INTO `sys_log` VALUES ('b670de77e4f845d65c4ef21c0d8c8000', '2', '图片验证码获取', '4', '{\"result\":{\"code\":\"tAfE\",\"key\":\"48fdb39f2ecf6a39c1db9f6fda7220b8\"},\"code\":200,\"success\":true,\"message\":\"验证码获取成功\",\"timestamp\":1581608694128}', '1', null, null, '192.168.0.113', 'com.t4cloud.t.user.controller.LoginController.getCheckCode()', 'http://192.168.0.113:18080/user/login/checkCode', '[]', 'GET', '14', null, '2020-02-13 23:44:54', null, null);
INSERT INTO `sys_log` VALUES ('b6ea284ebf07eb7fd9e8f7446de8277e', '2', '图片验证码获取', '4', '{\"result\":{\"code\":\"PRDq\",\"key\":\"bd63a027a42b297d863c0247c163a870\"},\"code\":200,\"success\":true,\"message\":\"验证码获取成功\",\"timestamp\":1581600525572}', '1', null, null, '192.168.0.113', 'com.t4cloud.t.user.controller.LoginController.getCheckCode()', 'http://192.168.0.113:18080/user/login/checkCode', '[]', 'GET', '10', null, '2020-02-13 21:28:46', null, null);
INSERT INTO `sys_log` VALUES ('b7e87b54c8c544aa195cfeecbfbd9e1b', '2', '图片验证码获取', '4', '{\"result\":{\"code\":\"Ukly\",\"key\":\"7d6c11cf006bddf361e111c36937ee9f\"},\"code\":200,\"success\":true,\"message\":\"验证码获取成功\",\"timestamp\":1581603514730}', '1', null, null, '192.168.0.113', 'com.t4cloud.t.user.controller.LoginController.getCheckCode()', 'http://192.168.0.113:18080/user/login/checkCode', '[]', 'GET', '11', null, '2020-02-13 22:18:35', null, null);
INSERT INTO `sys_log` VALUES ('b99598a9915684d5017450d0f122b972', '2', '图片验证码获取', '4', '{\"result\":{\"code\":\"wuey\",\"key\":\"d38bc8a4612a5d89813b6b918e10cd01\"},\"code\":200,\"success\":true,\"message\":\"验证码获取成功\",\"timestamp\":1581608396307}', '1', null, null, '192.168.0.113', 'com.t4cloud.t.user.controller.LoginController.getCheckCode()', 'http://192.168.0.113:18080/user/login/checkCode', '[]', 'GET', '13', null, '2020-02-13 23:39:56', null, null);
INSERT INTO `sys_log` VALUES ('baa63064a2170791e0c674390e411380', '2', '图片验证码获取', '4', '{\"result\":{\"code\":\"5hE5\",\"key\":\"2c1879b2776b0e4a262ebe0ca845e7ce\"},\"code\":200,\"success\":true,\"message\":\"验证码获取成功\",\"timestamp\":1581600996673}', '1', null, null, '192.168.0.113', 'com.t4cloud.t.user.controller.LoginController.getCheckCode()', 'http://192.168.0.113:18080/user/login/checkCode', '[]', 'GET', '11', null, '2020-02-13 21:36:37', null, null);
INSERT INTO `sys_log` VALUES ('bb05fd71540aa4e0fab78edd977b45dd', '2', '图片验证码获取', '4', '{\"result\":{\"code\":\"Dsml\",\"key\":\"e600dc760caba0f1d5dfb63aaa5dcf7d\"},\"code\":200,\"success\":true,\"message\":\"验证码获取成功\",\"timestamp\":1581605218589}', '1', null, null, '192.168.0.113', 'com.t4cloud.t.user.controller.LoginController.getCheckCode()', 'http://192.168.0.113:18080/user/login/checkCode', '[]', 'GET', '14', null, '2020-02-13 22:46:59', null, null);
INSERT INTO `sys_log` VALUES ('bb1ead7895471a5519de08f9aeb75287', '2', '图片验证码获取', '4', '{\"result\":{\"code\":\"YJAb\",\"key\":\"7707433d55b25eccd09f429de108874d\"},\"code\":200,\"success\":true,\"message\":\"验证码获取成功\",\"timestamp\":1581610158216}', '1', null, null, '192.168.0.113', 'com.t4cloud.t.user.controller.LoginController.getCheckCode()', 'http://192.168.0.113:18080/user/login/checkCode', '[]', 'GET', '11', null, '2020-02-14 00:09:18', null, null);
INSERT INTO `sys_log` VALUES ('bdf6616561c4fac8ba37a799f8932808', '2', '图片验证码获取', '4', '{\"result\":{\"code\":\"TAFV\",\"key\":\"502896fbbe2d4992dd96acf374bd91bb\"},\"code\":200,\"success\":true,\"message\":\"验证码获取成功\",\"timestamp\":1581604842659}', '1', null, null, '112.23.33.125', 'com.t4cloud.t.user.controller.LoginController.getCheckCode()', 'http://127.0.0.1:18080/t4cloud-user/user/login/checkCode', '[]', 'GET', '5', null, '2020-02-13 08:40:43', null, null);
INSERT INTO `sys_log` VALUES ('c08c5cdca45f38d40ca2b7e1282f695c', '2', '图片验证码获取', '4', '{\"result\":{\"code\":\"kxRW\",\"key\":\"04dfed682408cb2d5a165f8158cb4a3c\"},\"code\":200,\"success\":true,\"message\":\"验证码获取成功\",\"timestamp\":1581608686564}', '1', null, null, '192.168.0.113', 'com.t4cloud.t.user.controller.LoginController.getCheckCode()', 'http://192.168.0.113:18080/user/login/checkCode', '[]', 'GET', '12', null, '2020-02-13 23:44:47', null, null);
INSERT INTO `sys_log` VALUES ('c481a9a3867c18f2d92a77112349da99', '2', '图片验证码获取', '4', '{\"result\":{\"code\":\"2tLA\",\"key\":\"33715bd60bdbe6bc65b40860f91c4a40\"},\"code\":200,\"success\":true,\"message\":\"验证码获取成功\",\"timestamp\":1581605433331}', '1', null, null, '112.23.33.125', 'com.t4cloud.t.user.controller.LoginController.getCheckCode()', 'http://127.0.0.1:18080/t4cloud-user/user/login/checkCode', '[]', 'GET', '7', null, '2020-02-13 08:50:33', null, null);
INSERT INTO `sys_log` VALUES ('c9aa5a16041eb81a24cd9fdd0f341227', '2', '图片验证码获取', '4', '{\"result\":{\"code\":\"WWm4\",\"key\":\"063d952e942370e4918486a8663f7fdf\"},\"code\":200,\"success\":true,\"message\":\"验证码获取成功\",\"timestamp\":1581608460687}', '1', null, null, '192.168.0.113', 'com.t4cloud.t.user.controller.LoginController.getCheckCode()', 'http://192.168.0.113:18080/user/login/checkCode', '[]', 'GET', '12', null, '2020-02-13 23:41:01', null, null);
INSERT INTO `sys_log` VALUES ('cb5561d7b49c57f40863f2449f903339', '2', '图片验证码获取', '4', '{\"result\":{\"code\":\"FguF\",\"key\":\"e26e44aa032c80396c94e71e3dd4f108\"},\"code\":200,\"success\":true,\"message\":\"验证码获取成功\",\"timestamp\":1581601148052}', '1', null, null, '192.168.0.113', 'com.t4cloud.t.user.controller.LoginController.getCheckCode()', 'http://192.168.0.113:18080/user/login/checkCode', '[]', 'GET', '9', null, '2020-02-13 21:39:08', null, null);
INSERT INTO `sys_log` VALUES ('cbad7bc92b61836453307dacb4337d14', '2', '图片验证码获取', '4', '{\"result\":{\"code\":\"sdDw\",\"key\":\"d4cb0b03d01a87c6cea80e9090baf465\"},\"code\":200,\"success\":true,\"message\":\"验证码获取成功\",\"timestamp\":1581608666864}', '1', null, null, '192.168.0.113', 'com.t4cloud.t.user.controller.LoginController.getCheckCode()', 'http://192.168.0.113:18080/user/login/checkCode', '[]', 'GET', '15', null, '2020-02-13 23:44:27', null, null);
INSERT INTO `sys_log` VALUES ('cc1bfa0152ec2202393cd6c6680be490', '2', '图片验证码获取', '4', '{\"result\":{\"code\":\"4Nii\",\"key\":\"9a7741ea3dc2bad9a8de420a64e67b43\"},\"code\":200,\"success\":true,\"message\":\"验证码获取成功\",\"timestamp\":1581605705566}', '1', null, null, '112.23.33.125', 'com.t4cloud.t.user.controller.LoginController.getCheckCode()', 'http://127.0.0.1:18080/t4cloud-user/user/login/checkCode', '[]', 'GET', '7', null, '2020-02-13 08:55:06', null, null);
INSERT INTO `sys_log` VALUES ('cd44ef7ed3a016867588b7829c5dda0a', '2', '图片验证码获取', '4', '{\"result\":{\"code\":\"6Fw5\",\"key\":\"403f3c0c4fe76a42244608aaa08be9eb\"},\"code\":200,\"success\":true,\"message\":\"验证码获取成功\",\"timestamp\":1581607430856}', '1', null, null, '192.168.0.113', 'com.t4cloud.t.user.controller.LoginController.getCheckCode()', 'http://192.168.0.113:18080/user/login/checkCode', '[]', 'GET', '12', null, '2020-02-13 23:23:51', null, null);
INSERT INTO `sys_log` VALUES ('ceca02257d09fc8f82355aacca7ee57e', '2', '图片验证码获取', '4', '{\"result\":{\"code\":\"n89G\",\"key\":\"ac33a41e3ed78ff69c1df35157cee3f6\"},\"code\":200,\"success\":true,\"message\":\"验证码获取成功\",\"timestamp\":1581605023734}', '1', null, null, '112.23.33.125', 'com.t4cloud.t.user.controller.LoginController.getCheckCode()', 'http://127.0.0.1:18080/t4cloud-user/user/login/checkCode', '[]', 'GET', '5', null, '2020-02-13 08:43:44', null, null);
INSERT INTO `sys_log` VALUES ('cef6d23e4d6e96fd5002ff87e7d36a78', '2', '图片验证码获取', '4', '{\"result\":{\"code\":\"K94j\",\"key\":\"b6fbc6de34556909701fbaa3e06bd71c\"},\"code\":200,\"success\":true,\"message\":\"验证码获取成功\",\"timestamp\":1581596286965}', '1', null, null, '101.229.199.185', 'com.t4cloud.t.user.controller.LoginController.getCheckCode()', 'http://127.0.0.1:18080/t4cloud-user/user/login/checkCode', '[]', 'GET', '4', null, '2020-02-13 06:18:07', null, null);
INSERT INTO `sys_log` VALUES ('d0814276cf08b117ab53f398f1baace4', '2', '图片验证码获取', '4', '{\"result\":{\"code\":\"XSxS\",\"key\":\"2226346075aba94f4850f318edfb5c46\"},\"code\":200,\"success\":true,\"message\":\"验证码获取成功\",\"timestamp\":1581596273753}', '1', null, null, '101.229.199.185', 'com.t4cloud.t.user.controller.LoginController.getCheckCode()', 'http://127.0.0.1:18080/t4cloud-user/user/login/checkCode', '[]', 'GET', '3', null, '2020-02-13 06:17:54', null, null);
INSERT INTO `sys_log` VALUES ('d0f8c7b94f93a2dd1c3ae26802caf455', '2', '图片验证码获取', '4', '{\"result\":{\"code\":\"2mEy\",\"key\":\"9bfa4c8f908dca0fbb944078e2d18fa6\"},\"code\":200,\"success\":true,\"message\":\"验证码获取成功\",\"timestamp\":1581609161812}', '1', null, null, '112.23.33.125', 'com.t4cloud.t.user.controller.LoginController.getCheckCode()', 'http://139.224.227.28:18080/user/login/checkCode', '[]', 'GET', '8', null, '2020-02-13 23:52:42', null, null);
INSERT INTO `sys_log` VALUES ('d16dbf9ceee6aafd0ffae716b599ca12', '2', '图片验证码获取', '4', '{\"result\":{\"code\":\"5dfp\",\"key\":\"b402613b50c7d5af7da56265e30e9e21\"},\"code\":200,\"success\":true,\"message\":\"验证码获取成功\",\"timestamp\":1581584094178}', '1', null, null, '101.229.199.185', 'com.t4cloud.t.user.controller.LoginController.getCheckCode()', 'http://127.0.0.1:18080/t4cloud-user/user/login/checkCode', '[]', 'GET', '6', null, '2020-02-13 02:54:54', null, null);
INSERT INTO `sys_log` VALUES ('d49148c752b6d1129b3bde8c4f966ab5', '2', '图片验证码获取', '4', '{\"result\":{\"code\":\"6sQP\",\"key\":\"9eb17401482e03e76a49521c2287eb47\"},\"code\":200,\"success\":true,\"message\":\"验证码获取成功\",\"timestamp\":1581583399107}', '1', null, null, '101.229.199.185', 'com.t4cloud.t.user.controller.LoginController.getCheckCode()', 'http://127.0.0.1:18080/t4cloud-user/user/login/checkCode', '[]', 'GET', '3', null, '2020-02-13 02:43:19', null, null);
INSERT INTO `sys_log` VALUES ('d8206ae9e2480f8299b847257bf3dbe2', '2', '图片验证码获取', '4', '{\"result\":{\"code\":\"MHxa\",\"key\":\"e5950fc060bd47cb559fed5ea84d813d\"},\"code\":200,\"success\":true,\"message\":\"验证码获取成功\",\"timestamp\":1581589616215}', '1', null, null, '112.23.33.125', 'com.t4cloud.t.user.controller.LoginController.getCheckCode()', 'http://127.0.0.1:18080/t4cloud-user/user/login/checkCode', '[]', 'GET', '7', null, '2020-02-13 04:26:56', null, null);
INSERT INTO `sys_log` VALUES ('db650c323a708896c7d922e6bdb46f68', '2', '图片验证码获取', '4', '{\"result\":{\"code\":\"W6ly\",\"key\":\"76ff6bf973a093c4c95ae861cea4b0d5\"},\"code\":200,\"success\":true,\"message\":\"验证码获取成功\",\"timestamp\":1581608375762}', '1', null, null, '192.168.0.113', 'com.t4cloud.t.user.controller.LoginController.getCheckCode()', 'http://192.168.0.113:18080/user/login/checkCode', '[]', 'GET', '11', null, '2020-02-13 23:39:36', null, null);
INSERT INTO `sys_log` VALUES ('dc90d2673f09c83c3d185f5d4fdd3dbb', '2', '图片验证码获取', '4', '{\"result\":{\"code\":\"kZid\",\"key\":\"ed3d69e42e7f68e61140df4c9535412a\"},\"code\":200,\"success\":true,\"message\":\"验证码获取成功\",\"timestamp\":1581608694457}', '1', null, null, '192.168.0.113', 'com.t4cloud.t.user.controller.LoginController.getCheckCode()', 'http://192.168.0.113:18080/user/login/checkCode', '[]', 'GET', '12', null, '2020-02-13 23:44:54', null, null);
INSERT INTO `sys_log` VALUES ('dd304200a9c4777e25d12ea66f566c68', '2', '图片验证码获取', '4', '{\"result\":{\"code\":\"AeaK\",\"key\":\"03f75ace67aec2e641ef425ba7301e9f\"},\"code\":200,\"success\":true,\"message\":\"验证码获取成功\",\"timestamp\":1581583394728}', '1', null, null, '101.229.199.185', 'com.t4cloud.t.user.controller.LoginController.getCheckCode()', 'http://127.0.0.1:18080/t4cloud-user/user/login/checkCode', '[]', 'GET', '4', null, '2020-02-13 02:43:15', null, null);
INSERT INTO `sys_log` VALUES ('de08152a7f34a67b14f4cff0f067e3ca', '2', '图片验证码获取', '4', '{\"result\":{\"code\":\"1lCW\",\"key\":\"00e2a497efa98931833e29184ed8000f\"},\"code\":200,\"success\":true,\"message\":\"验证码获取成功\",\"timestamp\":1581602223280}', '1', null, null, '192.168.0.113', 'com.t4cloud.t.user.controller.LoginController.getCheckCode()', 'http://192.168.0.113:18080/user/login/checkCode', '[]', 'GET', '9', null, '2020-02-13 21:57:03', null, null);
INSERT INTO `sys_log` VALUES ('df1b93d53a614688f7834936e547c240', '2', '账号密码登录', '4', '{\"result\":{\"address\":\"\",\"gender\":1,\"idCard\":\"\",\"avatar\":\"\",\"realname\":\"管理员\",\"token\":\"eyJ0eXAiOiJKV1QiLCJhbGciOiJIUzI1NiJ9.eyJleHAiOjE1ODE2MTA1NjQsInVzZXJuYW1lIjoiYWRtaW4ifQ.BUZzD-pDCgrU3c3zb-KPhTEOKUtHxl2zY0qHdIoTGjg\",\"workNo\":\"002\",\"createBy\":\"TeaR\",\"post\":\"\",\"phone\":\"\",\"createTime\":1493731608000,\"updateBy\":\"\",\"email\":\"\",\"username\":\"admin\",\"status\":1},\"code\":200,\"success\":true,\"message\":\"登录成功\",\"timestamp\":1581608764628}', '1', null, null, '112.23.33.125', 'com.t4cloud.t.user.controller.LoginController.loginByPwd()', 'http://139.224.227.28:18080/user/login/loginByPwd', '[{\"codeKey\":\"8573bd169e40614dd698a31dde072a87\",\"password\":\"123456\",\"code\":\"xnzy\",\"username\":\"admin\"}]', 'POST', '92', null, '2020-02-13 23:46:05', null, null);
INSERT INTO `sys_log` VALUES ('df4cd99635a77e68cd49adb6274a8b2e', '2', '图片验证码获取', '4', '{\"result\":{\"code\":\"taAG\",\"key\":\"efc4a5f0a620823e642fe28966e1efeb\"},\"code\":200,\"success\":true,\"message\":\"验证码获取成功\",\"timestamp\":1581605323713}', '1', null, null, '112.23.33.125', 'com.t4cloud.t.user.controller.LoginController.getCheckCode()', 'http://127.0.0.1:18080/t4cloud-user/user/login/checkCode', '[]', 'GET', '5', null, '2020-02-13 08:48:44', null, null);
INSERT INTO `sys_log` VALUES ('e053586f31d8669b11502c2f315148b7', '2', '退出登录', '2', '{\"code\":200,\"success\":true,\"message\":\"退出登录成功！\",\"timestamp\":1581609165965}', '1', null, null, '112.23.33.125', 'com.t4cloud.t.user.controller.LoginController.logout()', 'http://139.224.227.28:18080/user/login/logout', '[]', 'DELETE', '16', null, '2020-02-13 23:52:46', null, null);
INSERT INTO `sys_log` VALUES ('e088d1c7a0485995417c89b57d2374db', '2', '账号密码登录', '4', '{\"result\":{\"address\":\"\",\"gender\":1,\"idCard\":\"\",\"avatar\":\"\",\"realname\":\"管理员\",\"token\":\"eyJ0eXAiOiJKV1QiLCJhbGciOiJIUzI1NiJ9.eyJleHAiOjE1ODE1ODUzMjYsInVzZXJuYW1lIjoiYWRtaW4ifQ.qsi65H9KpcQ02-c1gvUQ6QQwwUiqF5F7bC7DANezZS4\",\"workNo\":\"002\",\"createBy\":\"TeaR\",\"post\":\"\",\"phone\":\"\",\"createTime\":1493778408000,\"updateBy\":\"\",\"email\":\"\",\"username\":\"admin\",\"status\":1},\"code\":200,\"success\":true,\"message\":\"登录成功\",\"timestamp\":1581583526296}', '1', null, null, '112.23.33.125', 'com.t4cloud.t.user.controller.LoginController.loginByPwd()', 'http://127.0.0.1:18080/t4cloud-user/user/login/loginByPwd', '[{\"codeKey\":\"89b53c4eb4123a11c0009f6ef65e3d63\",\"password\":\"123456\",\"code\":\"ine7\",\"username\":\"admin\"}]', 'POST', '91', null, '2020-02-13 02:45:26', null, null);
INSERT INTO `sys_log` VALUES ('e091649c282c6f9f35ae74a43a952041', '2', '图片验证码获取', '4', '{\"result\":{\"code\":\"UD03\",\"key\":\"1b75bce9f7e45c57136c0de73d875748\"},\"code\":200,\"success\":true,\"message\":\"验证码获取成功\",\"timestamp\":1581600979018}', '1', null, null, '192.168.0.113', 'com.t4cloud.t.user.controller.LoginController.getCheckCode()', 'http://192.168.0.113:18080/user/login/checkCode', '[]', 'GET', '17', null, '2020-02-13 21:36:19', null, null);
INSERT INTO `sys_log` VALUES ('e1b0ed4af0539f1cfb9e6382f1fb1f59', '2', '图片验证码获取', '4', '{\"result\":{\"code\":\"Fn8D\",\"key\":\"65baab01dc1d8a3d5243da3836ec952e\"},\"code\":200,\"success\":true,\"message\":\"验证码获取成功\",\"timestamp\":1581608692957}', '1', null, null, '192.168.0.113', 'com.t4cloud.t.user.controller.LoginController.getCheckCode()', 'http://192.168.0.113:18080/user/login/checkCode', '[]', 'GET', '12', null, '2020-02-13 23:44:53', null, null);
INSERT INTO `sys_log` VALUES ('e2278b9fa1f156fd800bac55c125d212', '2', '图片验证码获取', '4', '{\"result\":{\"code\":\"83Cd\",\"key\":\"fb37386433cdade1ab701c2f608b5195\"},\"code\":200,\"success\":true,\"message\":\"验证码获取成功\",\"timestamp\":1581601514494}', '1', null, null, '192.168.0.113', 'com.t4cloud.t.user.controller.LoginController.getCheckCode()', 'http://192.168.0.113:18080/user/login/checkCode', '[]', 'GET', '11', null, '2020-02-13 21:45:14', null, null);
INSERT INTO `sys_log` VALUES ('e23fe3eea4ba28a23a89064a61f78be6', '2', '图片验证码获取', '4', '{\"result\":{\"code\":\"JfZQ\",\"key\":\"d171614066ae6fd8bc8020004839a217\"},\"code\":200,\"success\":true,\"message\":\"验证码获取成功\",\"timestamp\":1581602470632}', '1', null, null, '192.168.0.113', 'com.t4cloud.t.user.controller.LoginController.getCheckCode()', 'http://192.168.0.113:18080/user/login/checkCode', '[]', 'GET', '10', null, '2020-02-13 22:01:11', null, null);
INSERT INTO `sys_log` VALUES ('e265dd1338be7166537bcfd098f126ea', '2', '图片验证码获取', '4', '{\"result\":{\"code\":\"tPPL\",\"key\":\"7ff6dd834413ef02d976eb3dd31b4a21\"},\"code\":200,\"success\":true,\"message\":\"验证码获取成功\",\"timestamp\":1581605334133}', '1', null, null, '112.23.33.125', 'com.t4cloud.t.user.controller.LoginController.getCheckCode()', 'http://127.0.0.1:18080/t4cloud-user/user/login/checkCode', '[]', 'GET', '5', null, '2020-02-13 08:48:54', null, null);
INSERT INTO `sys_log` VALUES ('e2850d0d163582879fb120dcda9c1b04', '2', '账号密码登录', '4', '{\"result\":{\"address\":\"\",\"gender\":1,\"idCard\":\"\",\"avatar\":\"\",\"realname\":\"管理员\",\"token\":\"eyJ0eXAiOiJKV1QiLCJhbGciOiJIUzI1NiJ9.eyJleHAiOjE1ODE1ODUyOTEsInVzZXJuYW1lIjoiYWRtaW4ifQ.6oaZPBkY4c4a8sqf-6O3i_WFWGnMqp0m08EZ6W0mMmE\",\"workNo\":\"002\",\"createBy\":\"TeaR\",\"post\":\"\",\"phone\":\"\",\"createTime\":1493778408000,\"updateBy\":\"\",\"email\":\"\",\"username\":\"admin\",\"status\":1},\"code\":200,\"success\":true,\"message\":\"登录成功\",\"timestamp\":1581583491247}', '1', null, null, '101.229.199.185', 'com.t4cloud.t.user.controller.LoginController.loginByPwd()', 'http://127.0.0.1:18080/t4cloud-user/user/login/loginByPwd', '[{\"codeKey\":\"1764678aff6bf25221229f5ab255be62\",\"password\":\"123456\",\"code\":\"2wj5\",\"username\":\"admin\"}]', 'POST', '79', null, '2020-02-13 02:44:51', null, null);
INSERT INTO `sys_log` VALUES ('e41d339fc7986952975191478412827a', '2', '图片验证码获取', '4', '{\"result\":{\"code\":\"y4dG\",\"key\":\"20d331bb887fc890dbe444680d6c48e4\"},\"code\":200,\"success\":true,\"message\":\"验证码获取成功\",\"timestamp\":1581604799631}', '1', null, null, '112.23.33.125', 'com.t4cloud.t.user.controller.LoginController.getCheckCode()', 'http://127.0.0.1:18080/t4cloud-user/user/login/checkCode', '[]', 'GET', '5', null, '2020-02-13 08:40:00', null, null);
INSERT INTO `sys_log` VALUES ('e80feba6a3802091101cb81cba4d413f', '2', '图片验证码获取', '4', '{\"result\":{\"code\":\"NqhD\",\"key\":\"1c2c906329a850ea5d800d7155de8e23\"},\"code\":200,\"success\":true,\"message\":\"验证码获取成功\",\"timestamp\":1581601319923}', '1', null, null, '192.168.0.113', 'com.t4cloud.t.user.controller.LoginController.getCheckCode()', 'http://192.168.0.113:18080/user/login/checkCode', '[]', 'GET', '11', null, '2020-02-13 21:42:00', null, null);
INSERT INTO `sys_log` VALUES ('e8b7c13521e55f517b1745900a9d5dfe', '2', '图片验证码获取', '4', '{\"result\":{\"code\":\"jjLD\",\"key\":\"99817778d7b0700f2e376b78a70c872b\"},\"code\":200,\"success\":true,\"message\":\"验证码获取成功\",\"timestamp\":1581605000400}', '1', null, null, '112.23.33.125', 'com.t4cloud.t.user.controller.LoginController.getCheckCode()', 'http://127.0.0.1:18080/t4cloud-user/user/login/checkCode', '[]', 'GET', '6', null, '2020-02-13 08:43:20', null, null);
INSERT INTO `sys_log` VALUES ('e9d0996dc5594056f27f2f3a1247636f', '2', '图片验证码获取', '4', '{\"result\":{\"code\":\"s2JN\",\"key\":\"14672a47cdc1c5cc45a37e4c0ae3b238\"},\"code\":200,\"success\":true,\"message\":\"验证码获取成功\",\"timestamp\":1581588053478}', '1', null, null, '112.23.33.125', 'com.t4cloud.t.user.controller.LoginController.getCheckCode()', 'http://127.0.0.1:18080/t4cloud-user/user/login/checkCode', '[]', 'GET', '4', null, '2020-02-13 04:00:53', null, null);
INSERT INTO `sys_log` VALUES ('eb4c2c8f601e42fdc74c26bd5158062f', '2', '图片验证码获取', '4', '{\"result\":{\"code\":\"SQRK\",\"key\":\"e42ba263e4408181bc74117e8484686b\"},\"code\":200,\"success\":true,\"message\":\"验证码获取成功\",\"timestamp\":1581583399272}', '1', null, null, '101.229.199.185', 'com.t4cloud.t.user.controller.LoginController.getCheckCode()', 'http://127.0.0.1:18080/t4cloud-user/user/login/checkCode', '[]', 'GET', '3', null, '2020-02-13 02:43:19', null, null);
INSERT INTO `sys_log` VALUES ('ebd03d9e8143aa8234195467cb44bf95', '2', '图片验证码获取', '4', '{\"result\":{\"code\":\"QtTT\",\"key\":\"8e529805858e79729e9acdbb5f94daf7\"},\"code\":200,\"success\":true,\"message\":\"验证码获取成功\",\"timestamp\":1581599685964}', '1', null, null, '192.168.0.113', 'com.t4cloud.t.user.controller.LoginController.getCheckCode()', 'http://192.168.0.113:18080/user/login/checkCode', '[]', 'GET', '12', null, '2020-02-13 21:14:46', null, null);
INSERT INTO `sys_log` VALUES ('ec13f821b71438294d05439b1e3c7ed4', '2', '账号密码登录', '4', '{\"result\":{\"address\":\"\",\"gender\":1,\"idCard\":\"\",\"avatar\":\"\",\"realname\":\"管理员\",\"token\":\"eyJ0eXAiOiJKV1QiLCJhbGciOiJIUzI1NiJ9.eyJleHAiOjE1ODE2MTA1MzAsInVzZXJuYW1lIjoiYWRtaW4ifQ.VtfU1kdWewhBdyeVn94Kz6VJJ6RyNV7lFw8EHTp3DsA\",\"workNo\":\"002\",\"createBy\":\"TeaR\",\"post\":\"\",\"phone\":\"\",\"createTime\":1493731608000,\"updateBy\":\"\",\"email\":\"\",\"username\":\"admin\",\"status\":1},\"code\":200,\"success\":true,\"message\":\"登录成功\",\"timestamp\":1581608730406}', '1', null, null, '112.23.33.125', 'com.t4cloud.t.user.controller.LoginController.loginByPwd()', 'http://139.224.227.28:18080/user/login/loginByPwd', '[{\"codeKey\":\"37080fb0d90a83a14699153a06d24ca0\",\"password\":\"123456\",\"code\":\"cfsn\",\"username\":\"admin\"}]', 'POST', '510', null, '2020-02-13 23:45:30', null, null);
INSERT INTO `sys_log` VALUES ('ed46fc27d6a0da7779e3ae1891fb20fc', '2', '图片验证码获取', '4', '{\"result\":{\"code\":\"su24\",\"key\":\"28449d71f7963de6aa53677b939641a1\"},\"code\":200,\"success\":true,\"message\":\"验证码获取成功\",\"timestamp\":1581608687167}', '1', null, null, '192.168.0.113', 'com.t4cloud.t.user.controller.LoginController.getCheckCode()', 'http://192.168.0.113:18080/user/login/checkCode', '[]', 'GET', '15', null, '2020-02-13 23:44:47', null, null);
INSERT INTO `sys_log` VALUES ('ee7ccbe1b3ccb49217139c261e48f7f5', '2', '图片验证码获取', '4', '{\"result\":{\"code\":\"sNS6\",\"key\":\"3124a62e414f9dfd2ca62491689f55ce\"},\"code\":200,\"success\":true,\"message\":\"验证码获取成功\",\"timestamp\":1581583398952}', '1', null, null, '101.229.199.185', 'com.t4cloud.t.user.controller.LoginController.getCheckCode()', 'http://127.0.0.1:18080/t4cloud-user/user/login/checkCode', '[]', 'GET', '4', null, '2020-02-13 02:43:19', null, null);
INSERT INTO `sys_log` VALUES ('efa15d77c48ca7587a56fc125c4cd44c', '2', '退出登录', '2', '{\"code\":200,\"success\":true,\"message\":\"退出登录成功！\",\"timestamp\":1581608768233}', '1', null, null, '112.23.33.125', 'com.t4cloud.t.user.controller.LoginController.logout()', 'http://139.224.227.28:18080/user/login/logout', '[]', 'DELETE', '80', null, '2020-02-13 23:46:08', null, null);
INSERT INTO `sys_log` VALUES ('f39a61fd1238d193145a9db7fa3b9cfb', '2', '图片验证码获取', '4', '{\"result\":{\"code\":\"uNjJ\",\"key\":\"6f60b121e74d009b890d4fcfcf4a4e37\"},\"code\":200,\"success\":true,\"message\":\"验证码获取成功\",\"timestamp\":1581607360764}', '1', null, null, '112.23.33.125', 'com.t4cloud.t.user.controller.LoginController.getCheckCode()', 'http://127.0.0.1:18080/t4cloud-user/user/login/checkCode', '[]', 'GET', '4', null, '2020-02-13 09:22:41', null, null);
INSERT INTO `sys_log` VALUES ('f4406b2e7e883833c43c6c024d6b4f34', '2', '图片验证码获取', '4', '{\"result\":{\"code\":\"uDny\",\"key\":\"b8f9600c0ded10d7e8e85a2bf3c7fd09\"},\"code\":200,\"success\":true,\"message\":\"验证码获取成功\",\"timestamp\":1581583397176}', '1', null, null, '101.229.199.185', 'com.t4cloud.t.user.controller.LoginController.getCheckCode()', 'http://127.0.0.1:18080/t4cloud-user/user/login/checkCode', '[]', 'GET', '3', null, '2020-02-13 02:43:17', null, null);
INSERT INTO `sys_log` VALUES ('f67a0d2173c9b5fe905f0ee0cc5e88b8', '2', '图片验证码获取', '4', '{\"result\":{\"code\":\"bUEw\",\"key\":\"9a6ce804f8c966de6ee5f60c9bd57087\"},\"code\":200,\"success\":true,\"message\":\"验证码获取成功\",\"timestamp\":1581600478171}', '1', null, null, '192.168.0.113', 'com.t4cloud.t.user.controller.LoginController.getCheckCode()', 'http://192.168.0.113:18080/user/login/checkCode', '[]', 'GET', '11', null, '2020-02-13 21:27:58', null, null);
INSERT INTO `sys_log` VALUES ('f742048ed2dbc7da28caa07cee5085b1', '2', '图片验证码获取', '4', '{\"result\":{\"code\":\"jDzm\",\"key\":\"c43515b2ce975f41921ebc4e65a0a52e\"},\"code\":200,\"success\":true,\"message\":\"验证码获取成功\",\"timestamp\":1581584726656}', '1', null, null, '112.23.33.125', 'com.t4cloud.t.user.controller.LoginController.getCheckCode()', 'http://127.0.0.1:18080/t4cloud-user/user/login/checkCode', '[]', 'GET', '10', null, '2020-02-13 03:05:27', null, null);
INSERT INTO `sys_log` VALUES ('f9534dfb28bfd570dda402ce570648be', '2', '图片验证码获取', '4', '{\"result\":{\"code\":\"9ScX\",\"key\":\"46a7365933c112f708c9da99e86f7d77\"},\"code\":200,\"success\":true,\"message\":\"验证码获取成功\",\"timestamp\":1581606094490}', '1', null, null, '192.168.0.113', 'com.t4cloud.t.user.controller.LoginController.getCheckCode()', 'http://192.168.0.113:18080/user/login/checkCode', '[]', 'GET', '51', null, '2020-02-13 23:01:34', null, null);
INSERT INTO `sys_log` VALUES ('fdccc4ecdf5f1bfe9d32b879ac7b8ca2', '2', '图片验证码获取', '4', '{\"result\":{\"code\":\"P4Qb\",\"key\":\"30a7bdcc9652901e7698076087b4a7aa\"},\"code\":200,\"success\":true,\"message\":\"验证码获取成功\",\"timestamp\":1581601610743}', '1', null, null, '192.168.0.113', 'com.t4cloud.t.user.controller.LoginController.getCheckCode()', 'http://192.168.0.113:18080/user/login/checkCode', '[]', 'GET', '10', null, '2020-02-13 21:46:51', null, null);

-- ----------------------------
-- Table structure for sys_mock
-- ----------------------------
DROP TABLE IF EXISTS `sys_mock`;
CREATE TABLE `sys_mock` (
  `id` varchar(32) NOT NULL,
  `url` varchar(150) NOT NULL COMMENT 'MOCK对应的URL',
  `data` text NOT NULL COMMENT 'MOCK对应的DATA数据',
  `method` varchar(10) NOT NULL COMMENT 'MOCK对应的URL的请求方法',
  `create_by` varchar(32) DEFAULT NULL,
  `create_time` datetime DEFAULT NULL ON UPDATE CURRENT_TIMESTAMP,
  `update_by` varchar(32) DEFAULT NULL,
  `update_time` datetime DEFAULT NULL ON UPDATE CURRENT_TIMESTAMP,
  PRIMARY KEY (`id`),
  UNIQUE KEY `uni_url_m` (`url`,`method`) USING BTREE
) ENGINE=InnoDB DEFAULT CHARSET=utf8mb4 COMMENT='Mock数据';

-- ----------------------------
-- Records of sys_mock
-- ----------------------------
INSERT INTO `sys_mock` VALUES ('1', 'hello', '{\"123\":\"测试\"}', 'GET', 'wpl', '2020-02-14 14:03:43', null, '2020-02-14 14:03:43');

-- ----------------------------
-- Table structure for sys_permission
-- ----------------------------
DROP TABLE IF EXISTS `sys_permission`;
CREATE TABLE `sys_permission` (
  `id` varchar(32) NOT NULL COMMENT '主键id',
  `parent_id` varchar(32) DEFAULT NULL COMMENT '父id',
  `name` varchar(100) DEFAULT NULL COMMENT '菜单标题',
  `url` varchar(255) DEFAULT NULL COMMENT '路径',
  `open_type` tinyint(2) DEFAULT NULL COMMENT '打开方式（0-框架内打开，1-新的页面打开）',
  `component` varchar(255) DEFAULT NULL COMMENT '组件',
  `menu_type` int(11) DEFAULT NULL COMMENT '菜单类型(0:一级菜单; 1:子菜单:2:按钮权限)',
  `perms` varchar(255) DEFAULT NULL COMMENT '权限编码',
  `sort_no` double(8,2) DEFAULT NULL COMMENT '菜单排序',
  `icon` varchar(100) DEFAULT NULL COMMENT '菜单图标',
  `description` varchar(255) DEFAULT NULL COMMENT '描述',
  `hidden` tinyint(2) DEFAULT '1' COMMENT '隐藏路由: 0-隐藏,1-展示',
  `status` tinyint(2) DEFAULT NULL COMMENT '按钮权限状态(0无效1有效)',
  `create_by` varchar(32) DEFAULT NULL COMMENT '创建人',
  `create_time` datetime DEFAULT NULL COMMENT '创建时间',
  `update_by` varchar(32) DEFAULT NULL COMMENT '更新人',
  `update_time` datetime DEFAULT NULL COMMENT '更新时间',
  PRIMARY KEY (`id`) USING BTREE,
  KEY `index_prem_pid` (`parent_id`) USING BTREE,
  KEY `index_prem_sort_no` (`sort_no`) USING BTREE,
  KEY `index_menu_type` (`menu_type`) USING BTREE,
  KEY `index_menu_hidden` (`hidden`) USING BTREE,
  KEY `index_menu_status` (`status`) USING BTREE
) ENGINE=InnoDB DEFAULT CHARSET=utf8 ROW_FORMAT=DYNAMIC COMMENT='菜单权限表';

-- ----------------------------
-- Records of sys_permission
-- ----------------------------
INSERT INTO `sys_permission` VALUES ('1227815647354331142', '', '菜单权限表', '/system/SysPermission', '0', 'system/SysPermission', '0', 'system:SysPermission', '10.00', null, '菜单权限表-菜单', '1', '1', 'T4Cloud', '2020-02-13 12:44:16', null, null);
INSERT INTO `sys_permission` VALUES ('1227815647354331143', '1227815647354331142', '菜单权限表_新增', null, null, null, '0', 'system:SysPermission:ADD', '11.00', 'plus', '菜单权限表-新增按钮', '1', '1', 'T4Cloud', '2020-02-13 12:44:16', null, null);
INSERT INTO `sys_permission` VALUES ('1227815647354331144', '1227815647354331142', '菜单权限表_修改', null, null, null, '0', 'system:SysPermission:EDIT', '11.00', 'form', '菜单权限表-编辑按钮', '1', '1', 'T4Cloud', '2020-02-13 12:44:16', null, null);
INSERT INTO `sys_permission` VALUES ('1227815647354331145', '1227815647354331142', '菜单权限表_删除', null, null, null, '0', 'system:SysPermission:DELETE', '11.00', 'delete', '菜单权限表-删除按钮', '1', '1', 'T4Cloud', '2020-02-13 12:44:16', null, null);
INSERT INTO `sys_permission` VALUES ('1227815647354331146', '1227815647354331142', '菜单权限表_查看', null, null, null, '0', 'system:SysPermission:VIEW', '11.00', 'file', '菜单权限表-详情按钮', '1', '1', 'T4Cloud', '2020-02-13 12:44:16', null, null);
INSERT INTO `sys_permission` VALUES ('1228186789386715143', null, 'Mock数据', '/mock/SysMock', '0', 'mock/SysMock', '0', 'mock:SysMock', '10.00', null, 'Mock数据-菜单', '1', '1', 'T4Cloud', '2020-02-14 13:20:09', null, null);
INSERT INTO `sys_permission` VALUES ('1228186789386715144', '1228186789386715143', 'Mock数据_新增', null, null, null, '0', 'mock:SysMock:ADD', '11.00', 'plus', 'Mock数据-新增按钮', '1', '1', 'T4Cloud', '2020-02-14 13:20:09', null, null);
INSERT INTO `sys_permission` VALUES ('1228186789386715145', '1228186789386715143', 'Mock数据_修改', null, null, null, '0', 'mock:SysMock:EDIT', '12.00', 'form', 'Mock数据-编辑按钮', '1', '1', 'T4Cloud', '2020-02-14 13:20:09', null, null);
INSERT INTO `sys_permission` VALUES ('1228186789386715146', '1228186789386715143', 'Mock数据_删除', null, null, null, '0', 'mock:SysMock:DELETE', '13.00', 'delete', 'Mock数据-删除按钮', '1', '1', 'T4Cloud', '2020-02-14 13:20:10', null, null);
INSERT INTO `sys_permission` VALUES ('1228186789386715147', '1228186789386715143', 'Mock数据_查看', null, null, null, '0', 'mock:SysMock:VIEW', '14.00', 'file', 'Mock数据-详情按钮', '1', '1', 'T4Cloud', '2020-02-14 13:20:10', null, null);

-- ----------------------------
-- Table structure for sys_role
-- ----------------------------
DROP TABLE IF EXISTS `sys_role`;
CREATE TABLE `sys_role` (
  `id` varchar(32) NOT NULL COMMENT '主键id',
  `role_name` varchar(200) DEFAULT NULL COMMENT '角色名称',
  `role_code` varchar(100) NOT NULL COMMENT '角色编码',
  `description` varchar(255) DEFAULT NULL COMMENT '描述',
  `create_by` varchar(32) DEFAULT NULL COMMENT '创建人',
  `create_time` datetime DEFAULT NULL COMMENT '创建时间',
  `update_by` varchar(32) DEFAULT NULL COMMENT '更新人',
  `update_time` datetime DEFAULT NULL COMMENT '更新时间',
  PRIMARY KEY (`id`) USING BTREE,
  UNIQUE KEY `uniq_sys_role_role_code` (`role_code`) USING BTREE
) ENGINE=InnoDB DEFAULT CHARSET=utf8 ROW_FORMAT=DYNAMIC COMMENT='角色表';

-- ----------------------------
-- Records of sys_role
-- ----------------------------
INSERT INTO `sys_role` VALUES ('1', '超级管理员', 'SUPER-ADMIN', null, 'TeaR', '2020-02-12 13:56:36', null, null);
INSERT INTO `sys_role` VALUES ('2', '管理员', 'ADMIN', null, 'TeaR', '2020-02-12 23:40:48', null, null);

-- ----------------------------
-- Table structure for sys_role_permission
-- ----------------------------
DROP TABLE IF EXISTS `sys_role_permission`;
CREATE TABLE `sys_role_permission` (
  `id` varchar(32) NOT NULL,
  `role_id` varchar(32) DEFAULT NULL COMMENT '角色id',
  `permission_id` varchar(32) DEFAULT NULL COMMENT '权限id',
  `create_by` varchar(32) DEFAULT NULL COMMENT '创建人',
  `create_time` datetime DEFAULT NULL COMMENT '创建时间',
  `update_by` varchar(32) DEFAULT NULL COMMENT '更新人',
  `update_time` datetime DEFAULT NULL COMMENT '更新时间',
  PRIMARY KEY (`id`) USING BTREE,
  KEY `index_group_role_per_id` (`role_id`,`permission_id`) USING BTREE,
  KEY `index_group_role_id` (`role_id`) USING BTREE,
  KEY `index_group_per_id` (`permission_id`) USING BTREE
) ENGINE=InnoDB DEFAULT CHARSET=utf8 ROW_FORMAT=DYNAMIC COMMENT='角色权限表';

-- ----------------------------
-- Records of sys_role_permission
-- ----------------------------
INSERT INTO `sys_role_permission` VALUES ('1', '1', '1227815647354331142', 'TeaR', '2020-02-13 12:45:27', null, null);
INSERT INTO `sys_role_permission` VALUES ('15', '2', '1227815647354331142', 'TeaR', '2020-02-13 12:45:27', null, null);
INSERT INTO `sys_role_permission` VALUES ('16', '2', '1227815647354331143', 'TeaR', '2020-02-13 12:45:27', null, null);
INSERT INTO `sys_role_permission` VALUES ('17', '2', '1227815647354331144', 'TeaR', '2020-02-13 12:45:27', null, null);
INSERT INTO `sys_role_permission` VALUES ('18', '2', '1227815647354331145', 'TeaR', '2020-02-13 12:45:27', null, null);
INSERT INTO `sys_role_permission` VALUES ('19', '2', '1227815647354331146', 'TeaR', '2020-02-13 12:45:27', null, null);
INSERT INTO `sys_role_permission` VALUES ('2', '1', '1227815647354331143', 'TeaR', '2020-02-13 12:45:27', null, null);
INSERT INTO `sys_role_permission` VALUES ('3', '1', '1227815647354331144', 'TeaR', '2020-02-13 12:45:27', null, null);
INSERT INTO `sys_role_permission` VALUES ('4', '1', '1227815647354331145', 'TeaR', '2020-02-13 12:45:27', null, null);
INSERT INTO `sys_role_permission` VALUES ('5', '1', '1227815647354331146', 'TeaR', '2020-02-13 12:45:27', null, null);

-- ----------------------------
-- Table structure for sys_user
-- ----------------------------
DROP TABLE IF EXISTS `sys_user`;
CREATE TABLE `sys_user` (
  `id` varchar(32) CHARACTER SET utf8 NOT NULL COMMENT '主键id',
  `username` varchar(100) CHARACTER SET utf8 NOT NULL COMMENT '登录账号',
  `realname` varchar(100) CHARACTER SET utf8 DEFAULT NULL COMMENT '真实姓名',
  `password` varchar(255) CHARACTER SET utf8 DEFAULT NULL COMMENT '密码',
  `salt` varchar(45) CHARACTER SET utf8 DEFAULT NULL COMMENT 'md5密码盐',
  `work_no` varchar(100) CHARACTER SET utf8 NOT NULL COMMENT '工号，唯一键',
  `avatar` varchar(255) CHARACTER SET utf8 DEFAULT NULL COMMENT '头像',
  `birthday` datetime DEFAULT NULL COMMENT '生日',
  `gender` tinyint(2) DEFAULT NULL COMMENT '性别(0-默认未知,1-男,2-女)',
  `email` varchar(45) CHARACTER SET utf8 DEFAULT NULL COMMENT '电子邮件',
  `phone` varchar(11) CHARACTER SET utf8 DEFAULT NULL COMMENT '电话',
  `post` varchar(100) CHARACTER SET utf8 DEFAULT NULL COMMENT '职务，关联职务表',
  `id_card` varchar(18) CHARACTER SET utf8 DEFAULT NULL COMMENT '身份证号',
  `address` varchar(500) CHARACTER SET utf8 DEFAULT NULL COMMENT '住址',
  `status` tinyint(2) NOT NULL DEFAULT '1' COMMENT '性别(1-正常,2-冻结)',
  `create_by` varchar(32) CHARACTER SET utf8 DEFAULT NULL COMMENT '创建人',
  `create_time` datetime DEFAULT NULL COMMENT '创建时间',
  `update_by` varchar(32) CHARACTER SET utf8 DEFAULT NULL COMMENT '更新人',
  `update_time` datetime DEFAULT NULL COMMENT '更新时间',
  PRIMARY KEY (`id`) USING BTREE,
  UNIQUE KEY `index_user_name` (`username`) USING BTREE,
  UNIQUE KEY `uniq_sys_user_work_no` (`work_no`) USING BTREE,
  KEY `index_user_status` (`status`) USING BTREE
) ENGINE=InnoDB DEFAULT CHARSET=utf8mb4 ROW_FORMAT=DYNAMIC COMMENT='用户表';

-- ----------------------------
-- Records of sys_user
-- ----------------------------
INSERT INTO `sys_user` VALUES ('1', 'TeaR', 'TeaR', '700961d246e6ddf1', 'SDFyT0h3', '001', null, '2018-12-05 00:00:00', '1', 'zqr.it@t4cloud.com', '17800001111', null, null, '上海市浦东新区陆家嘴', '1', 'TeaR', '2017-05-02 21:26:48', null, null);
INSERT INTO `sys_user` VALUES ('14f10842654c1e343ec2447462fc3a8d', 'admin', '管理员', 'cb362cfeefbf3d8d', 'RCGTeGiH', '002', '', null, '1', '', '', '', '', '', '1', 'TeaR', '2017-05-02 21:26:48', '', null);

-- ----------------------------
-- Table structure for sys_user_role
-- ----------------------------
DROP TABLE IF EXISTS `sys_user_role`;
CREATE TABLE `sys_user_role` (
  `id` varchar(32) NOT NULL COMMENT '主键id',
  `user_id` varchar(32) DEFAULT NULL COMMENT '用户id',
  `role_id` varchar(32) DEFAULT NULL COMMENT '角色id',
  `create_by` varchar(32) DEFAULT NULL COMMENT '创建人',
  `create_time` datetime DEFAULT NULL COMMENT '创建时间',
  `update_by` varchar(32) DEFAULT NULL COMMENT '更新人',
  `update_time` datetime DEFAULT NULL COMMENT '更新时间',
  PRIMARY KEY (`id`) USING BTREE,
  KEY `index2_groupuu_user_id` (`user_id`) USING BTREE,
  KEY `index2_groupuu_ole_id` (`role_id`) USING BTREE,
  KEY `index2_groupuu_useridandroleid` (`user_id`,`role_id`) USING BTREE
) ENGINE=InnoDB DEFAULT CHARSET=utf8 ROW_FORMAT=DYNAMIC COMMENT='用户角色表';

-- ----------------------------
-- Records of sys_user_role
-- ----------------------------
INSERT INTO `sys_user_role` VALUES ('1', '1', '1', 'TeaR', '2020-01-12 13:54:06', null, null);
INSERT INTO `sys_user_role` VALUES ('2', '1', '2', 'TeaR', '2020-01-12 13:54:06', null, null);
INSERT INTO `sys_user_role` VALUES ('3', '14f10842654c1e343ec2447462fc3a8d', '1', 'TeaR', '2020-01-12 13:54:06', null, null);
INSERT INTO `sys_user_role` VALUES ('4', '14f10842654c1e343ec2447462fc3a8d', '2', 'TeaR', '2020-01-12 13:54:06', null, null);
